instName, numOfJobs, algoName, timeLimit, feasible, optimal, globalUB, globalLB, gap, rootUB, rootLB, timeCost, timeOnRoot, timeOnCG, timeOnRMP, timeOnPP, numSolvedNodes, numPrunedByInfeasibility, numPrunedByOptimality, numPrunedByBound, numNodes, numLeftNodes, numNewLabel, numDominatedLabel, numPrunedLabel," timeOnLabelLb
L_00000000", 10, Branch And Price, 360, true, true, 229.000, 229.000, 0.000, 0.000, 207.778, 0.043, 0.033, 0.037, 0.012, 0.012, 3, 1, 1, 0, 3,0,384,219,0,0.005,"
L_00000001", 10, Branch And Price, 360, true, true, 340.000, 340.000, 0.000, 0.000, 332.000, 0.011, 0.009, 0.011, 0.003, 0.005, 3, 1, 1, 0, 3,0,225,137,17,0.001,"
L_00000002", 10, Branch And Price, 360, true, true, 254.000, 254.000, 0.000, 0.000, 237.400, 0.007, 0.005, 0.007, 0.005, 0.000, 3, 1, 1, 0, 3,0,91,21,0,0.0,"
L_00000003", 10, Branch And Price, 360, true, true, 338.000, 338.000, 0.000, 0.000, 329.800, 0.009, 0.004, 0.009, 0.004, 0.002, 3, 1, 1, 0, 3,0,394,206,64,0.0,"
L_00000004", 10, Branch And Price, 360, true, true, 189.000, 189.000, 0.000, 189.000, 189.000, 0.002, 0.002, 0.002, 0.001, 0.000, 1, 0, 1, 0, 1,0,10,0,0,0.0,"
L_00000005", 10, Branch And Price, 360, true, true, 307.000, 307.000, 0.000, 0.000, 295.700, 0.005, 0.004, 0.005, 0.002, 0.002, 3, 1, 1, 0, 3,0,195,101,10,0.0,"
L_00000006", 10, Branch And Price, 360, true, true, 351.000, 351.000, 0.000, 0.000, 344.100, 0.006, 0.005, 0.006, 0.002, 0.002, 3, 1, 1, 0, 3,0,257,116,0,0.0,"
L_00000007", 10, Branch And Price, 360, true, true, 268.000, 268.000, 0.000, 0.000, 252.800, 0.006, 0.005, 0.006, 0.007, 0.001, 3, 1, 1, 0, 3,0,205,66,0,0.001,"
L_00000008", 10, Branch And Price, 360, true, true, 247.000, 247.000, 0.000, 0.000, 229.700, 0.007, 0.006, 0.007, 0.004, 0.001, 3, 1, 1, 0, 3,0,292,148,0,0.001,"
L_00000009", 10, Branch And Price, 360, true, true, 357.000, 357.000, 0.000, 0.000, 350.700, 0.013, 0.005, 0.013, 0.007, 0.006, 3, 1, 1, 0, 3,0,1078,610,97,0.003,"
L_00000010", 10, Branch And Price, 360, true, true, 251.000, 251.000, 0.000, 0.000, 234.100, 0.005, 0.004, 0.005, 0.003, 0.001, 3, 1, 1, 0, 3,0,251,121,0,0.001,"
L_00000011", 10, Branch And Price, 360, true, true, 300.000, 300.000, 0.000, 0.000, 288.000, 0.006, 0.003, 0.006, 0.003, 0.002, 3, 1, 1, 0, 3,0,549,341,0,0.0,"
L_00000012", 10, Branch And Price, 360, true, true, 238.000, 238.000, 0.000, 0.000, 218.794, 0.009, 0.007, 0.009, 0.007, 0.000, 3, 1, 1, 0, 3,0,500,313,0,0.0,"
L_00000013", 10, Branch And Price, 360, true, true, 236.000, 236.000, 0.000, 0.000, 214.518, 0.007, 0.005, 0.007, 0.007, 0.002, 3, 1, 1, 0, 3,0,639,415,0,0.002,"
L_00000014", 10, Branch And Price, 360, true, true, 240.000, 240.000, 0.000, 0.000, 222.000, 0.005, 0.004, 0.005, 0.003, 0.000, 3, 1, 1, 0, 3,0,280,133,0,0.0,"
L_00000015", 10, Branch And Price, 360, true, true, 226.000, 226.000, 0.000, 0.000, 203.350, 0.006, 0.005, 0.006, 0.005, 0.000, 3, 1, 1, 0, 3,0,406,238,0,0.0,"
L_00000016", 10, Branch And Price, 360, true, true, 279.000, 279.000, 0.000, 0.000, 264.900, 0.005, 0.003, 0.005, 0.005, 0.000, 3, 1, 1, 0, 3,0,241,143,0,0.0,"
L_00000017", 10, Branch And Price, 360, true, true, 367.000, 367.000, 0.000, 0.000, 361.700, 0.008, 0.002, 0.008, 0.005, 0.004, 3, 1, 1, 0, 3,0,914,469,172,0.0,"
L_00000018", 10, Branch And Price, 360, true, true, 285.000, 285.000, 0.000, 0.000, 271.500, 0.008, 0.004, 0.008, 0.001, 0.004, 3, 1, 1, 0, 3,0,623,377,0,0.0,"
L_00000019", 10, Branch And Price, 360, true, true, 264.000, 264.000, 0.000, 0.000, 248.400, 0.004, 0.003, 0.004, 0.002, 0.000, 3, 1, 1, 0, 3,0,178,79,0,0.0,"
L_00000020", 10, Branch And Price, 360, true, true, 196.000, 196.000, 0.000, 196.000, 196.000, 0.001, 0.001, 0.001, 0.000, 0.000, 1, 0, 1, 0, 1,0,10,0,0,0.0,"
L_00000021", 10, Branch And Price, 360, true, true, 322.000, 322.000, 0.000, 0.000, 312.200, 0.005, 0.003, 0.005, 0.001, 0.003, 3, 1, 1, 0, 3,0,685,409,1,0.0,"
L_00000022", 10, Branch And Price, 360, true, true, 257.000, 257.000, 0.000, 0.000, 240.700, 0.003, 0.003, 0.003, 0.001, 0.000, 3, 1, 1, 0, 3,0,172,77,0,0.0,"
L_00000023", 10, Branch And Price, 360, true, true, 336.000, 336.000, 0.000, 0.000, 327.600, 0.013, 0.003, 0.013, 0.007, 0.005, 3, 1, 1, 0, 3,0,1481,819,22,0.0,"
L_00000024", 10, Branch And Price, 360, true, true, 263.000, 263.000, 0.000, 0.000, 247.300, 0.005, 0.004, 0.005, 0.004, 0.001, 3, 1, 1, 0, 3,0,376,225,0,0.0,"
L_00000025", 10, Branch And Price, 360, true, true, 273.000, 273.000, 0.000, 0.000, 258.300, 0.005, 0.003, 0.005, 0.005, 0.000, 3, 1, 1, 0, 3,0,327,182,1,0.0,"
L_00000026", 10, Branch And Price, 360, true, true, 323.000, 323.000, 0.000, 0.000, 313.300, 0.006, 0.003, 0.006, 0.002, 0.003, 3, 1, 1, 0, 3,0,1040,466,73,0.0,"
L_00000027", 10, Branch And Price, 360, true, true, 193.000, 193.000, 0.000, 193.000, 193.000, 0.000, 0.000, 0.000, 0.000, 0.000, 1, 0, 1, 0, 1,0,10,0,0,0.0,"
L_00000028", 10, Branch And Price, 360, true, true, 252.000, 252.000, 0.000, 0.000, 234.271, 0.005, 0.003, 0.005, 0.001, 0.004, 3, 1, 1, 0, 3,0,903,517,0,0.001,"
L_00000029", 10, Branch And Price, 360, true, true, 265.000, 265.000, 0.000, 0.000, 249.500, 0.004, 0.002, 0.004, 0.002, 0.001, 3, 1, 1, 0, 3,0,221,96,0,0.001,"
L_00000030", 10, Branch And Price, 360, true, true, 311.000, 311.000, 0.000, 0.000, 300.100, 0.004, 0.002, 0.004, 0.003, 0.000, 3, 1, 1, 0, 3,0,369,229,2,0.0,"
L_00000031", 10, Branch And Price, 360, true, true, 309.000, 309.000, 0.000, 0.000, 297.900, 0.004, 0.002, 0.004, 0.004, 0.000, 3, 1, 1, 0, 3,0,438,251,0,0.0,"
L_00000032", 10, Branch And Price, 360, true, true, 373.000, 373.000, 0.000, 0.000, 368.300, 0.004, 0.002, 0.004, 0.004, 0.000, 3, 1, 1, 0, 3,0,315,191,1,0.0,"
L_00000033", 10, Branch And Price, 360, true, true, 240.000, 240.000, 0.000, 0.000, 222.000, 0.005, 0.004, 0.004, 0.004, 0.000, 3, 1, 1, 0, 3,0,211,89,0,0.0,"
L_00000034", 10, Branch And Price, 360, true, true, 182.000, 182.000, 0.000, 182.000, 182.000, 0.001, 0.001, 0.001, 0.001, 0.000, 1, 0, 1, 0, 1,0,10,0,0,0.0,"
L_00000035", 10, Branch And Price, 360, true, true, 320.000, 320.000, 0.000, 0.000, 310.000, 0.004, 0.003, 0.004, 0.002, 0.001, 3, 1, 1, 0, 3,0,354,225,0,0.0,"
L_00000036", 10, Branch And Price, 360, true, true, 265.000, 265.000, 0.000, 0.000, 249.500, 0.003, 0.002, 0.003, 0.002, 0.000, 3, 1, 1, 0, 3,0,199,100,0,0.0,"
L_00000037", 10, Branch And Price, 360, true, true, 269.000, 269.000, 0.000, 0.000, 253.900, 0.003, 0.001, 0.002, 0.001, 0.000, 3, 1, 1, 0, 3,0,146,80,0,0.0,"
L_00000038", 10, Branch And Price, 360, true, true, 229.000, 229.000, 0.000, 0.000, 207.778, 0.004, 0.003, 0.004, 0.000, 0.003, 3, 1, 1, 0, 3,0,486,310,0,0.0,"
L_00000039", 10, Branch And Price, 360, true, true, 301.000, 301.000, 0.000, 0.000, 289.100, 0.003, 0.002, 0.003, 0.002, 0.000, 3, 1, 1, 0, 3,0,200,102,0,0.0,"
L_00000040", 10, Branch And Price, 360, true, true, 253.000, 253.000, 0.000, 0.000, 236.300, 0.003, 0.002, 0.003, 0.004, 0.000, 3, 1, 1, 0, 3,0,193,99,0,0.0,"
L_00000041", 10, Branch And Price, 360, true, true, 287.000, 287.000, 0.000, 0.000, 273.700, 0.004, 0.003, 0.004, 0.004, 0.000, 3, 1, 1, 0, 3,0,241,117,0,0.0,"
L_00000042", 10, Branch And Price, 360, true, true, 311.000, 311.000, 0.000, 0.000, 300.100, 0.004, 0.002, 0.004, 0.004, 0.000, 3, 1, 1, 0, 3,0,181,85,0,0.0,"
L_00000043", 10, Branch And Price, 360, true, true, 236.000, 236.000, 0.000, 0.000, 217.600, 0.004, 0.002, 0.004, 0.003, 0.000, 3, 1, 1, 0, 3,0,137,59,0,0.0,"
L_00000044", 10, Branch And Price, 360, true, true, 302.000, 302.000, 0.000, 0.000, 290.200, 0.003, 0.001, 0.003, 0.001, 0.000, 3, 1, 1, 0, 3,0,318,183,0,0.0,"
L_00000045", 10, Branch And Price, 360, true, true, 262.000, 262.000, 0.000, 0.000, 246.200, 0.003, 0.002, 0.003, 0.000, 0.001, 3, 1, 1, 0, 3,0,195,86,0,0.0,"
L_00000046", 10, Branch And Price, 360, true, true, 171.000, 171.000, 0.000, 171.000, 171.000, 0.001, 0.001, 0.001, 0.001, 0.000, 1, 0, 1, 0, 1,0,10,0,0,0.0,"
L_00000047", 10, Branch And Price, 360, true, true, 189.000, 189.000, 0.000, 189.000, 189.000, 0.001, 0.001, 0.001, 0.000, 0.000, 1, 0, 1, 0, 1,0,10,0,0,0.0,"
L_00000048", 10, Branch And Price, 360, true, true, 310.000, 310.000, 0.000, 0.000, 299.000, 0.003, 0.002, 0.003, 0.002, 0.000, 3, 1, 1, 0, 3,0,570,307,15,0.0,"
L_00000049", 10, Branch And Price, 360, true, true, 274.000, 274.000, 0.000, 0.000, 259.400, 0.003, 0.002, 0.003, 0.002, 0.000, 3, 1, 1, 0, 3,0,307,198,0,0.0,"
L_00000050", 20, Branch And Price, 360, true, true, 468.000, 468.000, 0.000, 0.000, 450.800, 0.101, 0.013, 0.096, 0.058, 0.030, 4, 1, 1, 1, 5,0,10219,6349,5181,0.005,"
L_00000051", 20, Branch And Price, 360, true, true, 315.000, 315.000, 0.000, 0.000, 304.500, 0.065, 0.007, 0.065, 0.013, 0.053, 3, 1, 1, 0, 3,0,4255,3262,50,0.0,"
L_00000052", 20, Branch And Price, 360, false, true, 445.000, 445.000, 0.000, 0.000, 424.400, 248.254, 0.009, 248.152, 211.189, 25.959, 3213, 1, 1, 1599, 3213,0,6953942,4766504,1540532,1.133999999999986,"
L_00000053", 20, Branch And Price, 360, true, true, 572.000, 572.000, 0.000, 0.000, 565.200, 0.029, 0.008, 0.029, 0.008, 0.020, 5, 1, 1, 2, 7,0,5208,3933,1342,0.001,"
L_00000054", 20, Branch And Price, 360, true, true, 519.000, 519.000, 0.000, 0.000, 506.900, 0.114, 0.008, 0.113, 0.021, 0.085, 9, 1, 1, 6, 15,0,14071,9878,2047,0.003,"
L_00000055", 20, Branch And Price, 360, true, true, 540.000, 540.000, 0.000, 0.000, 530.000, 0.044, 0.012, 0.044, 0.018, 0.028, 8, 1, 1, 5, 13,0,10194,6779,2883,0.002,"
L_00000056", 20, Branch And Price, 360, true, true, 484.000, 484.000, 0.000, 0.000, 468.400, 0.093, 0.007, 0.092, 0.034, 0.060, 14, 1, 1, 11, 25,0,19918,13829,7027,0.005,"
L_00000057", 20, Branch And Price, 360, true, false, 673.000, 672.000, 0.149, 0.000, 653.200, 360.017, 0.009, 359.198, 142.288, 121.055, 17550, 1, 1, 2862, 29363,11813,21229896,11638781,3354249,2.880999999999796,"
L_00000058", 20, Branch And Price, 360, true, true, 545.000, 545.000, 0.000, 0.000, 535.500, 0.035, 0.012, 0.035, 0.010, 0.025, 4, 1, 1, 1, 5,0,6908,5188,406,0.003,"
L_00000059", 20, Branch And Price, 360, true, true, 524.000, 524.000, 0.000, 0.000, 512.400, 0.109, 0.010, 0.109, 0.019, 0.090, 7, 1, 1, 4, 11,0,9747,6747,1176,0.005,"
L_00000060", 20, Branch And Price, 360, true, true, 552.000, 552.000, 0.000, 0.000, 543.200, 0.092, 0.015, 0.092, 0.020, 0.070, 9, 1, 1, 6, 15,0,16345,10839,3692,0.0,"
L_00000061", 20, Branch And Price, 360, true, true, 549.000, 549.000, 0.000, 0.000, 539.900, 0.037, 0.008, 0.037, 0.014, 0.025, 6, 1, 1, 3, 9,0,7742,6109,1800,0.002,"
L_00000062", 20, Branch And Price, 360, true, true, 567.000, 567.000, 0.000, 0.000, 559.700, 0.008, 0.005, 0.008, 0.003, 0.002, 3, 1, 1, 0, 3,0,2088,1525,91,0.002,"
L_00000063", 20, Branch And Price, 360, true, true, 525.000, 525.000, 0.000, 0.000, 513.500, 0.475, 0.011, 0.475, 0.032, 0.441, 11, 1, 1, 8, 19,0,31884,21488,4008,0.009000000000000001,"
L_00000064", 20, Branch And Price, 360, true, true, 624.000, 624.000, 0.000, 0.000, 622.400, 0.013, 0.007, 0.013, 0.005, 0.007, 3, 1, 1, 0, 3,0,2418,1743,342,0.0,"
L_00000065", 20, Branch And Price, 360, true, true, 551.000, 551.000, 0.000, 0.000, 542.100, 0.007, 0.004, 0.007, 0.005, 0.002, 3, 1, 1, 0, 3,0,990,607,137,0.0,"
L_00000066", 20, Branch And Price, 360, true, true, 555.000, 555.000, 0.000, 0.000, 546.500, 0.010, 0.007, 0.010, 0.008, 0.002, 3, 1, 1, 0, 3,0,2103,1564,137,0.002,"
L_00000067", 20, Branch And Price, 360, true, true, 588.000, 588.000, 0.000, 0.000, 582.800, 0.027, 0.007, 0.027, 0.012, 0.013, 8, 1, 1, 5, 13,0,5635,3897,904,0.004,"
L_00000068", 20, Branch And Price, 360, true, true, 402.000, 402.000, 0.000, 0.000, 400.200, 0.006, 0.002, 0.006, 0.002, 0.003, 3, 1, 1, 0, 3,0,947,616,274,0.001,"
L_00000069", 20, Branch And Price, 360, true, true, 359.000, 359.000, 0.000, 0.000, 352.900, 0.019, 0.004, 0.019, 0.009, 0.011, 3, 1, 1, 0, 3,0,3354,2560,253,0.0,"
L_00000070", 20, Branch And Price, 360, true, true, 511.000, 511.000, 0.000, 0.000, 498.100, 0.065, 0.010, 0.065, 0.021, 0.045, 11, 1, 1, 8, 19,0,13164,10057,1710,0.006,"
L_00000071", 20, Branch And Price, 360, true, true, 516.000, 516.000, 0.000, 0.000, 503.600, 0.063, 0.004, 0.063, 0.017, 0.045, 6, 1, 1, 3, 9,0,9027,6975,2683,0.002,"
L_00000072", 20, Branch And Price, 360, true, true, 492.000, 492.000, 0.000, 0.000, 477.200, 0.337, 0.009, 0.337, 0.040, 0.296, 5, 1, 1, 2, 7,0,22464,14739,7333,0.007,"
L_00000073", 20, Branch And Price, 360, true, true, 555.000, 555.000, 0.000, 0.000, 546.500, 0.012, 0.006, 0.012, 0.007, 0.005, 3, 1, 1, 0, 3,0,2796,2084,936,0.0,"
L_00000074", 20, Branch And Price, 360, true, true, 588.000, 588.000, 0.000, 0.000, 582.800, 0.022, 0.010, 0.022, 0.010, 0.012, 3, 1, 1, 0, 3,0,4743,3229,891,0.002,"
L_00000075", 20, Branch And Price, 360, true, true, 500.000, 500.000, 0.000, 0.000, 486.000, 0.262, 0.005, 0.262, 0.050, 0.217, 13, 1, 1, 8, 19,0,31358,23554,6743,0.009000000000000001,"
L_00000076", 20, Branch And Price, 360, true, false, 453.000, 452.400, 0.132, 0.000, 433.200, 360.028, 0.009, 359.897, 216.510, 123.031, 4163, 1, 1, 1069, 6175,2012,14149121,9233426,3173278,2.244999999999865,"
L_00000077", 20, Branch And Price, 360, true, true, 530.000, 530.000, 0.000, 0.000, 519.000, 0.065, 0.009, 0.065, 0.019, 0.047, 6, 1, 1, 3, 9,0,8917,6741,1341,0.002,"
L_00000078", 20, Branch And Price, 360, true, true, 614.000, 614.000, 0.000, 0.000, 611.400, 0.039, 0.025, 0.038, 0.010, 0.030, 5, 1, 1, 2, 7,0,3810,2591,1069,0.002,"
L_00000079", 20, Branch And Price, 360, true, true, 595.000, 595.000, 0.000, 0.000, 590.500, 0.024, 0.021, 0.023, 0.007, 0.016, 4, 1, 1, 1, 5,0,3628,2512,191,0.0,"
L_00000080", 20, Branch And Price, 360, true, true, 527.000, 527.000, 0.000, 0.000, 515.700, 0.177, 0.006, 0.175, 0.042, 0.132, 19, 1, 1, 16, 35,0,25406,19470,4698,0.006,"
L_00000081", 20, Branch And Price, 360, true, true, 543.000, 543.000, 0.000, 0.000, 533.300, 0.043, 0.008, 0.043, 0.014, 0.031, 7, 1, 1, 4, 11,0,9054,7035,1398,0.002,"
L_00000082", 20, Branch And Price, 360, true, true, 619.000, 619.000, 0.000, 0.000, 616.900, 0.022, 0.010, 0.022, 0.010, 0.012, 7, 1, 1, 4, 11,0,6770,4433,301,0.0,"
L_00000083", 20, Branch And Price, 360, true, true, 518.000, 518.000, 0.000, 0.000, 505.800, 0.161, 0.006, 0.160, 0.041, 0.122, 17, 1, 1, 14, 31,0,23073,16407,3794,0.005,"
L_00000084", 20, Branch And Price, 360, true, true, 537.000, 537.000, 0.000, 0.000, 526.700, 0.063, 0.009, 0.062, 0.032, 0.032, 12, 1, 1, 9, 21,0,12610,8620,3620,0.003,"
L_00000085", 20, Branch And Price, 360, true, true, 480.000, 480.000, 0.000, 0.000, 464.000, 0.186, 0.011, 0.186, 0.050, 0.134, 15, 1, 1, 12, 27,0,26014,17852,5994,0.004,"
L_00000086", 20, Branch And Price, 360, true, true, 517.000, 517.000, 0.000, 0.000, 504.700, 0.108, 0.009, 0.108, 0.030, 0.080, 9, 1, 1, 6, 15,0,19947,14305,3415,0.002,"
L_00000087", 20, Branch And Price, 360, true, false, 449.000, 448.625, 0.084, 0.000, 428.800, 360.121, 0.013, 360.009, 271.337, 63.191, 4563, 1, 1, 1654, 5795,1232,11727862,7896219,2636157,1.8739999999999044,"
L_00000088", 20, Branch And Price, 360, true, true, 594.000, 594.000, 0.000, 0.000, 589.400, 0.014, 0.007, 0.014, 0.006, 0.006, 4, 1, 1, 1, 5,0,3203,2288,447,0.001,"
L_00000089", 20, Branch And Price, 360, true, true, 615.000, 615.000, 0.000, 0.000, 612.500, 0.018, 0.009, 0.018, 0.008, 0.010, 4, 1, 1, 1, 5,0,5059,3327,860,0.001,"
L_00000090", 20, Branch And Price, 360, true, true, 512.000, 512.000, 0.000, 0.000, 499.200, 0.111, 0.015, 0.111, 0.048, 0.066, 12, 1, 1, 9, 21,0,15293,10734,3365,0.009000000000000001,"
L_00000091", 20, Branch And Price, 360, true, true, 516.000, 516.000, 0.000, 0.000, 503.600, 0.091, 0.007, 0.090, 0.029, 0.062, 12, 1, 1, 9, 21,0,17900,12615,3433,0.006,"
L_00000092", 20, Branch And Price, 360, true, true, 538.000, 538.000, 0.000, 0.000, 527.800, 0.074, 0.006, 0.074, 0.023, 0.050, 8, 1, 1, 5, 13,0,13196,10099,2349,0.002,"
L_00000093", 20, Branch And Price, 360, true, true, 516.000, 516.000, 0.000, 0.000, 503.600, 0.036, 0.007, 0.035, 0.024, 0.012, 5, 1, 1, 2, 7,0,7907,5037,2405,0.001,"
L_00000094", 20, Branch And Price, 360, true, true, 615.000, 615.000, 0.000, 0.000, 612.500, 0.014, 0.010, 0.014, 0.006, 0.006, 3, 1, 1, 0, 3,0,4015,2865,480,0.002,"
L_00000095", 20, Branch And Price, 360, true, true, 672.000, 672.000, 0.000, 0.000, 653.200, 0.365, 0.008, 0.363, 0.067, 0.300, 20, 1, 1, 16, 35,0,38099,25566,9589,0.02100000000000001,"
L_00000096", 20, Branch And Price, 360, true, true, 580.000, 580.000, 0.000, 0.000, 574.000, 0.078, 0.008, 0.078, 0.025, 0.049, 17, 1, 1, 14, 31,0,11971,8478,1200,0.007,"
L_00000097", 20, Branch And Price, 360, true, true, 723.000, 723.000, 0.000, 0.000, 709.300, 0.098, 0.028, 0.098, 0.030, 0.070, 12, 1, 1, 9, 21,0,13672,8652,2710,0.003,"
L_00000098", 20, Branch And Price, 360, true, true, 633.000, 633.000, 0.000, 0.000, 632.300, 0.016, 0.010, 0.016, 0.010, 0.006, 3, 1, 1, 0, 3,0,5060,3390,833,0.002,"
L_00000099", 20, Branch And Price, 360, true, true, 451.000, 451.000, 0.000, 0.000, 432.100, 0.408, 0.009, 0.408, 0.153, 0.262, 13, 1, 1, 10, 23,0,47573,32984,18965,0.017000000000000008,"
L_00000100", 30, Branch And Price, 360, true, true, 858.000, 858.000, 0.000, 0.000, 857.800, 0.109, 0.029, 0.108, 0.040, 0.059, 12, 1, 1, 9, 21,0,16183,11360,3050,0.009000000000000001,"
L_00000101", 30, Branch And Price, 360, true, true, 855.000, 855.000, 0.000, 0.000, 854.500, 0.188, 0.042, 0.187, 0.048, 0.142, 15, 1, 1, 12, 27,0,27646,20363,7645,0.014000000000000005,"
L_00000102", 30, Branch And Price, 360, true, true, 936.000, 936.000, 0.000, 0.000, 921.600, 0.690, 0.018, 0.686, 0.323, 0.435, 42, 1, 1, 39, 81,0,76530,50219,20313,0.03800000000000002,"
L_00000103", 30, Branch And Price, 360, true, true, 893.000, 893.000, 0.000, 0.000, 874.300, 0.786, 0.023, 0.786, 0.247, 0.537, 3, 1, 1, 0, 3,0,127945,81583,58891,0.032000000000000015,"
L_00000104", 30, Branch And Price, 360, true, true, 726.000, 726.000, 0.000, 0.000, 712.600, 0.140, 0.039, 0.140, 0.040, 0.100, 4, 1, 1, 1, 5,0,22788,17905,6607,0.005,"
L_00000105", 30, Branch And Price, 360, true, true, 834.000, 834.000, 0.000, 0.000, 831.400, 0.097, 0.044, 0.095, 0.060, 0.045, 11, 1, 1, 5, 13,0,16133,11713,3198,0.008,"
L_00000106", 30, Branch And Price, 360, true, true, 843.000, 843.000, 0.000, 0.000, 841.300, 0.042, 0.014, 0.042, 0.019, 0.022, 7, 1, 1, 4, 11,0,10704,7342,2096,0.005,"
L_00000107", 30, Branch And Price, 360, true, true, 933.000, 933.000, 0.000, 0.000, 918.300, 0.284, 0.020, 0.280, 0.098, 0.189, 16, 1, 1, 11, 25,0,44575,31923,10014,0.008,"
L_00000108", 30, Branch And Price, 360, true, true, 805.000, 805.000, 0.000, 0.000, 799.500, 0.182, 0.042, 0.181, 0.065, 0.124, 16, 1, 1, 13, 29,0,28305,22073,8100,0.012000000000000004,"
L_00000109", 30, Branch And Price, 360, true, true, 897.000, 897.000, 0.000, 0.000, 878.700, 3.008, 0.021, 2.984, 1.679, 1.654, 175, 1, 1, 172, 347,0,279789,207897,65504,0.07900000000000006,"
L_00000110", 30, Branch And Price, 360, true, true, 783.000, 783.000, 0.000, 0.000, 775.300, 0.168, 0.035, 0.168, 0.034, 0.136, 8, 1, 1, 5, 13,0,22368,17035,5168,0.014000000000000005,"
L_00000111", 30, Branch And Price, 360, true, true, 807.000, 807.000, 0.000, 0.000, 801.700, 0.349, 0.060, 0.348, 0.053, 0.303, 20, 1, 1, 17, 37,0,37346,28127,9318,0.010000000000000002,"
L_00000112", 30, Branch And Price, 360, true, true, 758.000, 758.000, 0.000, 0.000, 747.800, 0.318, 0.050, 0.315, 0.112, 0.216, 16, 1, 1, 12, 27,0,47461,34006,12770,0.014000000000000005,"
L_00000113", 30, Branch And Price, 360, true, true, 782.000, 782.000, 0.000, 0.000, 774.200, 0.400, 0.033, 0.399, 0.095, 0.317, 19, 1, 1, 16, 35,0,50093,40383,4317,0.011000000000000003,"
L_00000114", 30, Branch And Price, 360, true, true, 987.000, 987.000, 0.000, 0.000, 977.700, 0.226, 0.028, 0.224, 0.088, 0.150, 22, 1, 1, 18, 39,0,32315,22867,6651,0.013000000000000005,"
L_00000115", 30, Branch And Price, 360, true, true, 813.000, 813.000, 0.000, 0.000, 808.300, 0.138, 0.066, 0.137, 0.040, 0.091, 15, 1, 1, 12, 27,0,27625,19121,5155,0.006,"
L_00000116", 30, Branch And Price, 360, true, true, 784.000, 784.000, 0.000, 0.000, 776.400, 0.061, 0.020, 0.061, 0.022, 0.036, 8, 1, 1, 3, 11,0,14474,10523,4772,0.001,"
L_00000117", 30, Branch And Price, 360, true, true, 900.000, 900.000, 0.000, 0.000, 882.000, 2.608, 0.020, 2.600, 0.654, 2.038, 67, 1, 1, 64, 131,0,181228,139021,34454,0.05500000000000004,"
L_00000118", 30, Branch And Price, 360, true, true, 850.000, 850.000, 0.000, 0.000, 849.000, 0.132, 0.061, 0.132, 0.049, 0.084, 10, 1, 1, 6, 15,0,20265,16050,1959,0.009000000000000001,"
L_00000119", 30, Branch And Price, 360, true, true, 932.000, 932.000, 0.000, 0.000, 917.200, 1.259, 0.040, 1.251, 0.415, 0.890, 60, 1, 1, 57, 117,0,98596,62462,27544,0.028000000000000018,"
L_00000120", 30, Branch And Price, 360, true, true, 1079.000, 1079.000, 0.000, 0.000, 1078.900, 0.087, 0.055, 0.087, 0.026, 0.060, 3, 1, 1, 0, 3,0,15597,9639,5062,0.009000000000000001,"
L_00000121", 30, Branch And Price, 360, true, true, 817.000, 817.000, 0.000, 0.000, 812.700, 0.076, 0.018, 0.076, 0.027, 0.047, 10, 1, 1, 7, 17,0,18868,13890,2614,0.004,"
L_00000122", 30, Branch And Price, 360, true, true, 743.000, 743.000, 0.000, 0.000, 731.300, 0.154, 0.033, 0.153, 0.043, 0.109, 8, 1, 1, 4, 11,0,29680,20997,8041,0.008,"
L_00000123", 30, Branch And Price, 360, true, true, 810.000, 810.000, 0.000, 0.000, 805.000, 0.571, 0.052, 0.568, 0.085, 0.497, 25, 1, 1, 22, 47,0,48674,37703,7274,0.01800000000000001,"
L_00000124", 30, Branch And Price, 360, true, true, 809.000, 809.000, 0.000, 0.000, 803.900, 0.037, 0.021, 0.037, 0.014, 0.023, 3, 1, 1, 0, 3,0,8953,7409,788,0.007,"
L_00000125", 30, Branch And Price, 360, true, true, 847.000, 847.000, 0.000, 0.000, 845.700, 0.066, 0.022, 0.066, 0.024, 0.045, 8, 1, 1, 5, 13,0,16603,12629,2334,0.004,"
L_00000126", 30, Branch And Price, 360, true, true, 811.000, 811.000, 0.000, 0.000, 806.100, 0.391, 0.095, 0.388, 0.066, 0.332, 20, 1, 1, 17, 37,0,41741,30404,8617,0.016000000000000007,"
L_00000127", 30, Branch And Price, 360, true, true, 915.000, 915.000, 0.000, 0.000, 898.500, 0.509, 0.035, 0.500, 0.259, 0.274, 25, 1, 1, 22, 47,0,65161,43517,14179,0.02100000000000001,"
L_00000128", 30, Branch And Price, 360, true, true, 823.000, 823.000, 0.000, 0.000, 819.300, 0.084, 0.015, 0.082, 0.038, 0.045, 15, 1, 1, 12, 27,0,20283,14758,1017,0.004,"
L_00000129", 30, Branch And Price, 360, true, true, 828.000, 828.000, 0.000, 0.000, 824.800, 0.216, 0.048, 0.211, 0.043, 0.174, 14, 1, 1, 9, 23,0,29233,22658,8606,0.005,"
L_00000130", 30, Branch And Price, 360, true, true, 833.000, 833.000, 0.000, 0.000, 830.300, 0.086, 0.023, 0.085, 0.030, 0.057, 7, 1, 1, 4, 11,0,15903,12568,1313,0.005,"
L_00000131", 30, Branch And Price, 360, true, true, 1044.000, 1044.000, 0.000, 0.000, 1040.400, 0.288, 0.013, 0.280, 0.122, 0.156, 62, 1, 1, 59, 121,0,43863,32549,6318,0.015000000000000006,"
L_00000132", 30, Branch And Price, 360, true, true, 850.000, 850.000, 0.000, 0.000, 849.000, 0.151, 0.039, 0.147, 0.071, 0.082, 30, 1, 1, 27, 57,0,30398,23101,4487,0.006,"
L_00000133", 30, Branch And Price, 360, true, true, 820.000, 820.000, 0.000, 0.000, 816.000, 0.167, 0.123, 0.167, 0.041, 0.129, 8, 1, 1, 5, 13,0,22357,16411,2726,0.010000000000000002,"
L_00000134", 30, Branch And Price, 360, true, true, 886.000, 886.000, 0.000, 0.000, 866.600, 1.809, 0.019, 1.794, 0.668, 1.243, 68, 1, 1, 63, 129,0,173220,128036,30846,0.059000000000000045,"
L_00000135", 30, Branch And Price, 360, true, true, 961.000, 961.000, 0.000, 0.000, 949.100, 0.485, 0.033, 0.475, 0.186, 0.312, 44, 1, 1, 40, 83,0,65385,47672,15877,0.024000000000000014,"
L_00000136", 30, Branch And Price, 360, true, true, 832.000, 832.000, 0.000, 0.000, 829.200, 0.135, 0.035, 0.132, 0.067, 0.071, 23, 1, 1, 20, 43,0,29581,21999,5636,0.008,"
L_00000137", 30, Branch And Price, 360, true, true, 801.000, 801.000, 0.000, 0.000, 795.100, 0.120, 0.024, 0.119, 0.045, 0.074, 11, 1, 1, 8, 19,0,22688,17117,4234,0.002,"
L_00000138", 30, Branch And Price, 360, true, true, 838.000, 838.000, 0.000, 0.000, 835.800, 0.234, 0.167, 0.232, 0.074, 0.165, 11, 1, 1, 8, 19,0,32748,24311,8876,0.010000000000000002,"
L_00000139", 30, Branch And Price, 360, true, true, 908.000, 908.000, 0.000, 0.000, 890.800, 1.787, 0.025, 1.786, 0.239, 1.558, 18, 1, 1, 14, 31,0,107473,78800,35027,0.026000000000000016,"
L_00000140", 30, Branch And Price, 360, true, true, 834.000, 834.000, 0.000, 0.000, 831.400, 0.379, 0.241, 0.378, 0.036, 0.341, 11, 1, 1, 8, 19,0,36383,27082,14685,0.009000000000000001,"
L_00000141", 30, Branch And Price, 360, true, true, 680.000, 680.000, 0.000, 0.000, 662.000, 3.392, 0.025, 3.384, 1.040, 2.426, 37, 1, 1, 33, 69,0,286682,215539,93489,0.08000000000000006,"
L_00000142", 30, Branch And Price, 360, true, true, 713.000, 713.000, 0.000, 0.000, 698.300, 8.125, 0.020, 8.122, 0.283, 7.861, 24, 1, 1, 21, 45,0,258546,196733,80929,0.07000000000000005,"
L_00000143", 30, Branch And Price, 360, true, true, 755.000, 755.000, 0.000, 0.000, 744.500, 0.322, 0.037, 0.321, 0.050, 0.272, 8, 1, 1, 5, 13,0,42910,30616,12736,0.011000000000000003,"
L_00000144", 30, Branch And Price, 360, true, true, 775.000, 775.000, 0.000, 0.000, 766.500, 0.114, 0.036, 0.112, 0.028, 0.086, 6, 1, 1, 3, 9,0,22415,16533,5297,0.008,"
L_00000145", 30, Branch And Price, 360, true, true, 789.000, 789.000, 0.000, 0.000, 781.900, 1.028, 0.079, 1.025, 0.185, 0.863, 43, 1, 1, 40, 83,0,91073,68089,17880,0.03000000000000002,"
L_00000146", 30, Branch And Price, 360, true, true, 836.000, 836.000, 0.000, 0.000, 833.600, 0.183, 0.138, 0.183, 0.020, 0.160, 7, 1, 1, 4, 11,0,18614,13808,3857,0.008,"
L_00000147", 30, Branch And Price, 360, true, true, 772.000, 772.000, 0.000, 0.000, 763.200, 0.186, 0.036, 0.184, 0.075, 0.114, 14, 1, 1, 11, 25,0,36577,27199,8611,0.012000000000000004,"
L_00000148", 30, Branch And Price, 360, true, true, 825.000, 825.000, 0.000, 0.000, 821.500, 0.127, 0.033, 0.125, 0.054, 0.075, 15, 1, 1, 12, 27,0,24376,18324,5054,0.008,"
L_00000149", 30, Branch And Price, 360, true, true, 814.000, 814.000, 0.000, 0.000, 809.400, 0.200, 0.033, 0.198, 0.050, 0.151, 16, 1, 1, 13, 29,0,27387,21314,4749,0.011000000000000003,"
L_00000150", 40, Branch And Price, 360, true, true, 1220.000, 1220.000, 0.000, 0.000, 1212.000, 2.385, 0.043, 2.372, 0.217, 2.157, 40, 1, 1, 37, 77,0,115900,85564,11884,0.11000000000000008,"
L_00000151", 40, Branch And Price, 360, true, true, 1140.000, 1140.000, 0.000, 0.000, 1124.000, 5.346, 0.316, 5.287, 2.103, 3.600, 155, 1, 1, 150, 305,0,356462,277108,55314,0.1480000000000001,"
L_00000152", 40, Branch And Price, 360, true, true, 1049.000, 1049.000, 0.000, 0.000, 1045.900, 0.410, 0.133, 0.404, 0.125, 0.282, 18, 1, 1, 14, 31,0,57718,42556,8706,0.01800000000000001,"
L_00000153", 40, Branch And Price, 360, true, true, 1151.000, 1151.000, 0.000, 0.000, 1136.100, 1.673, 0.022, 1.657, 0.760, 0.966, 42, 1, 1, 39, 81,0,160692,119634,25159,0.07000000000000005,"
L_00000154", 40, Branch And Price, 360, true, true, 988.000, 988.000, 0.000, 0.000, 978.800, 20.352, 9.977, 20.327, 1.594, 19.016, 92, 1, 1, 87, 179,0,436383,323135,35443,0.1320000000000001,"
L_00000155", 40, Branch And Price, 360, true, true, 1186.000, 1186.000, 0.000, 0.000, 1174.600, 4.365, 0.072, 4.301, 1.856, 2.814, 177, 1, 1, 174, 351,0,362288,286412,43400,0.1360000000000001,"
L_00000156", 40, Branch And Price, 360, true, true, 1162.000, 1162.000, 0.000, 0.000, 1148.200, 4.540, 0.081, 4.441, 3.508, 1.885, 338, 1, 1, 329, 667,0,298680,216751,50383,0.11800000000000009,"
L_00000157", 40, Branch And Price, 360, true, true, 1247.000, 1247.000, 0.000, 0.000, 1241.700, 207.280, 0.054, 207.266, 0.482, 206.794, 49, 1, 1, 44, 91,0,991515,694616,193178,0.44000000000000034,"
L_00000158", 40, Branch And Price, 360, true, true, 1174.000, 1174.000, 0.000, 0.000, 1161.400, 1.623, 0.059, 1.583, 0.972, 0.780, 102, 1, 1, 96, 195,0,162237,117503,36546,0.07000000000000005,"
L_00000159", 40, Branch And Price, 360, true, true, 1198.000, 1198.000, 0.000, 0.000, 1187.800, 1.308, 0.082, 1.275, 0.605, 0.804, 79, 1, 1, 76, 155,0,118991,91543,12581,0.06800000000000005,"
L_00000160", 40, Branch And Price, 360, true, true, 1323.000, 1323.000, 0.000, 0.000, 1303.300, 7.380, 0.213, 7.319, 2.411, 5.240, 192, 1, 1, 187, 379,0,597031,437984,134031,0.2440000000000002,"
L_00000161", 40, Branch And Price, 360, true, true, 1024.000, 1024.000, 0.000, 0.000, 1018.400, 2.004, 0.152, 1.993, 0.421, 1.593, 37, 1, 1, 34, 71,0,146277,118480,13906,0.06700000000000005,"
L_00000162", 40, Branch And Price, 360, true, true, 1133.000, 1133.000, 0.000, 0.000, 1116.300, 3.775, 0.051, 3.716, 2.322, 1.819, 145, 1, 1, 140, 285,0,299217,232141,37082,0.12500000000000008,"
L_00000163", 40, Branch And Price, 360, true, true, 1130.000, 1130.000, 0.000, 0.000, 1113.000, 3.994, 0.269, 3.978, 0.719, 3.287, 32, 1, 1, 29, 61,0,339419,263398,28598,0.1430000000000001,"
L_00000164", 40, Branch And Price, 360, true, true, 1158.000, 1158.000, 0.000, 0.000, 1143.800, 3.593, 0.067, 3.556, 1.714, 2.177, 126, 1, 1, 122, 247,0,284087,220903,47548,0.11600000000000009,"
L_00000165", 40, Branch And Price, 360, true, true, 1117.000, 1117.000, 0.000, 0.000, 1098.700, 6.281, 0.066, 6.231, 2.916, 3.710, 117, 1, 1, 112, 229,0,512076,394884,69676,0.18900000000000014,"
L_00000166", 40, Branch And Price, 360, true, true, 1055.000, 1055.000, 0.000, 0.000, 1052.500, 0.167, 0.076, 0.162, 0.061, 0.103, 14, 1, 1, 10, 23,0,32609,25670,4982,0.024000000000000014,"
L_00000167", 40, Branch And Price, 360, true, true, 1286.000, 1286.000, 0.000, 0.000, 1284.600, 1.294, 0.072, 1.260, 0.682, 0.712, 132, 1, 1, 127, 257,0,127642,96477,23636,0.058000000000000045,"
L_00000168", 40, Branch And Price, 360, true, true, 1246.000, 1246.000, 0.000, 0.000, 1240.600, 0.663, 0.269, 0.655, 0.248, 0.410, 30, 1, 1, 26, 55,0,92502,71474,15226,0.04000000000000003,"
L_00000169", 40, Branch And Price, 360, true, true, 1044.000, 1044.000, 0.000, 0.000, 1040.400, 1.059, 0.178, 1.055, 0.252, 0.811, 25, 1, 1, 22, 47,0,111165,92404,15214,0.05100000000000004,"
L_00000170", 40, Branch And Price, 360, true, true, 1022.000, 1022.000, 0.000, 0.000, 1016.200, 0.690, 0.273, 0.681, 0.209, 0.477, 25, 1, 1, 22, 47,0,83018,62295,15638,0.03100000000000002,"
L_00000171", 40, Branch And Price, 360, true, true, 1079.000, 1079.000, 0.000, 0.000, 1078.900, 0.125, 0.025, 0.125, 0.037, 0.082, 7, 1, 1, 4, 11,0,26351,19691,7333,0.013000000000000005,"
L_00000172", 40, Branch And Price, 360, true, true, 1176.000, 1176.000, 0.000, 0.000, 1163.600, 1.613, 0.222, 1.611, 0.160, 1.443, 7, 1, 1, 3, 9,0,152340,122599,17009,0.07600000000000005,"
L_00000173", 40, Branch And Price, 360, true, true, 1074.000, 1074.000, 0.000, 0.000, 1073.400, 0.526, 0.057, 0.524, 0.101, 0.419, 7, 1, 1, 2, 7,0,60695,49820,8705,0.04000000000000003,"
L_00000174", 40, Branch And Price, 360, true, true, 1111.000, 1111.000, 0.000, 0.000, 1092.100, 6.578, 0.084, 6.517, 3.115, 4.070, 168, 1, 1, 164, 331,0,511828,372966,110893,0.17700000000000013,"
L_00000175", 40, Branch And Price, 360, true, true, 1113.000, 1113.000, 0.000, 0.000, 1094.300, 7.835, 0.375, 7.738, 4.656, 4.298, 276, 1, 1, 273, 549,0,492712,377666,91916,0.17900000000000013,"
L_00000176", 40, Branch And Price, 360, true, true, 1005.000, 1005.000, 0.000, 0.000, 997.500, 0.472, 0.317, 0.471, 0.103, 0.371, 9, 1, 1, 6, 15,0,70838,57719,1108,0.027000000000000017,"
L_00000177", 40, Branch And Price, 360, true, true, 1181.000, 1181.000, 0.000, 0.000, 1169.100, 1.924, 0.095, 1.870, 1.013, 0.989, 105, 1, 1, 102, 207,0,169335,128416,30296,0.07800000000000006,"
L_00000178", 40, Branch And Price, 360, true, true, 1139.000, 1139.000, 0.000, 0.000, 1122.900, 1.925, 0.058, 1.905, 0.797, 1.239, 59, 1, 1, 56, 115,0,168198,126933,34580,0.08400000000000006,"
L_00000179", 40, Branch And Price, 360, true, true, 1203.000, 1203.000, 0.000, 0.000, 1193.300, 3.317, 0.605, 3.246, 1.378, 2.210, 179, 1, 1, 175, 353,0,262127,196255,42868,0.11200000000000009,"
L_00000180", 40, Branch And Price, 360, true, true, 1058.000, 1058.000, 0.000, 0.000, 1055.800, 0.202, 0.064, 0.200, 0.041, 0.153, 10, 1, 1, 7, 17,0,42117,32361,14048,0.02000000000000001,"
L_00000181", 40, Branch And Price, 360, true, true, 1290.000, 1290.000, 0.000, 0.000, 1289.000, 0.687, 0.047, 0.669, 0.425, 0.337, 83, 1, 1, 80, 163,0,79788,57764,16246,0.055000000000000035,"
L_00000182", 40, Branch And Price, 360, true, true, 1238.000, 1238.000, 0.000, 0.000, 1231.800, 2.067, 0.202, 2.014, 1.013, 1.271, 152, 1, 1, 149, 301,0,197702,151262,17240,0.08500000000000006,"
L_00000183", 40, Branch And Price, 360, true, true, 1109.000, 1109.000, 0.000, 0.000, 1089.900, 14.068, 0.043, 13.954, 7.701, 7.649, 271, 1, 1, 266, 537,0,950018,705508,253790,0.3150000000000002,"
L_00000184", 40, Branch And Price, 360, true, true, 1062.000, 1062.000, 0.000, 0.000, 1060.200, 1.054, 0.059, 1.044, 0.303, 0.798, 29, 1, 1, 25, 53,0,100901,79079,15205,0.05100000000000004,"
L_00000185", 40, Branch And Price, 360, true, true, 1047.000, 1047.000, 0.000, 0.000, 1043.700, 3.249, 0.781, 3.230, 0.470, 2.800, 63, 1, 1, 60, 123,0,220285,161258,49930,0.08300000000000006,"
L_00000186", 40, Branch And Price, 360, true, true, 1025.000, 1025.000, 0.000, 0.000, 1019.500, 0.473, 0.049, 0.466, 0.132, 0.335, 23, 1, 1, 19, 41,0,72482,53941,14778,0.03400000000000002,"
L_00000187", 40, Branch And Price, 360, true, true, 967.000, 967.000, 0.000, 0.000, 955.700, 0.344, 0.111, 0.343, 0.066, 0.277, 5, 1, 1, 1, 5,0,49076,40636,3259,0.03000000000000002,"
L_00000188", 40, Branch And Price, 360, true, true, 1138.000, 1138.000, 0.000, 0.000, 1121.800, 5.532, 0.439, 5.463, 2.846, 3.101, 153, 1, 1, 147, 297,0,456595,371294,50440,0.22400000000000017,"
L_00000189", 40, Branch And Price, 360, true, true, 1171.000, 1171.000, 0.000, 0.000, 1158.100, 0.760, 0.050, 0.751, 0.236, 0.519, 26, 1, 1, 23, 49,0,96138,68596,22769,0.037000000000000026,"
L_00000190", 40, Branch And Price, 360, true, true, 1075.000, 1075.000, 0.000, 0.000, 1074.500, 0.596, 0.069, 0.586, 0.183, 0.426, 29, 1, 1, 26, 55,0,62078,48883,10002,0.02900000000000002,"
L_00000191", 40, Branch And Price, 360, true, true, 1000.000, 1000.000, 0.000, 0.000, 992.000, 0.911, 0.106, 0.908, 0.113, 0.795, 18, 1, 1, 12, 27,0,107043,85631,29102,0.037000000000000026,"
L_00000192", 40, Branch And Price, 360, true, true, 1197.000, 1197.000, 0.000, 0.000, 1186.700, 1.698, 0.090, 1.667, 0.913, 0.915, 110, 1, 1, 106, 215,0,164348,121260,23057,0.058000000000000045,"
L_00000193", 40, Branch And Price, 360, true, true, 1224.000, 1224.000, 0.000, 0.000, 1216.400, 0.050, 0.038, 0.050, 0.019, 0.030, 3, 1, 1, 0, 3,0,13500,10200,3020,0.008,"
L_00000194", 40, Branch And Price, 360, true, true, 1170.000, 1170.000, 0.000, 0.000, 1157.000, 0.857, 0.056, 0.845, 0.376, 0.498, 33, 1, 1, 30, 63,0,102778,78043,21357,0.048000000000000036,"
L_00000195", 40, Branch And Price, 360, true, true, 939.000, 939.000, 0.000, 0.000, 924.900, 11.325, 0.081, 11.249, 5.926, 6.824, 262, 1, 1, 257, 519,0,620346,474179,93241,0.22800000000000017,"
L_00000196", 40, Branch And Price, 360, true, true, 1126.000, 1126.000, 0.000, 0.000, 1108.600, 10.488, 0.074, 10.293, 8.842, 3.967, 464, 1, 1, 458, 921,0,600226,457547,96607,0.2610000000000002,"
L_00000197", 40, Branch And Price, 360, true, true, 1015.000, 1015.000, 0.000, 0.000, 1008.500, 4.923, 3.488, 4.896, 0.671, 4.301, 82, 1, 1, 79, 161,0,228192,183675,16183,0.09500000000000007,"
L_00000198", 40, Branch And Price, 360, true, true, 1236.000, 1236.000, 0.000, 0.000, 1229.600, 0.697, 0.079, 0.686, 0.199, 0.493, 42, 1, 1, 38, 79,0,97176,76451,19402,0.03900000000000003,"
L_00000199", 40, Branch And Price, 360, true, true, 1200.000, 1200.000, 0.000, 0.000, 1190.000, 0.841, 0.086, 0.825, 0.219, 0.618, 41, 1, 1, 38, 79,0,91336,72891,16676,0.05500000000000004,"
L_00000200", 50, Branch And Price, 360, true, true, 1593.000, 1593.000, 0.000, 0.000, 1578.300, 4.609, 0.202, 4.507, 1.541, 3.107, 141, 1, 1, 132, 267,0,326727,263151,25087,0.22300000000000017,"
L_00000201", 50, Branch And Price, 360, true, true, 1545.000, 1545.000, 0.000, 0.000, 1525.500, 32.033, 0.702, 31.698, 16.147, 19.467, 577, 1, 1, 573, 1149,0,1371376,1038213,132586,0.6970000000000005,"
L_00000202", 50, Branch And Price, 360, true, true, 1276.000, 1276.000, 0.000, 0.000, 1273.600, 0.413, 0.058, 0.393, 0.206, 0.181, 39, 1, 1, 36, 75,0,60102,41833,13526,0.03400000000000002,"
L_00000203", 50, Branch And Price, 360, true, true, 1450.000, 1450.000, 0.000, 0.000, 1443.000, 6.687, 1.469, 6.564, 2.186, 4.751, 168, 1, 1, 164, 331,0,482780,386196,35248,0.21000000000000016,"
L_00000204", 50, Branch And Price, 360, true, true, 1505.000, 1505.000, 0.000, 0.000, 1503.500, 1.329, 0.166, 1.268, 0.726, 0.556, 103, 1, 1, 100, 203,0,141467,107770,20317,0.10200000000000008,"
L_00000205", 50, Branch And Price, 360, true, true, 1385.000, 1385.000, 0.000, 0.000, 1371.500, 18.470, 0.432, 18.419, 1.452, 17.017, 58, 1, 1, 52, 109,0,620843,519820,17525,0.4020000000000003,"
L_00000206", 50, Branch And Price, 360, true, true, 1606.000, 1606.000, 0.000, 0.000, 1592.600, 4.511, 0.227, 4.348, 2.573, 2.123, 256, 1, 1, 252, 507,0,335845,257532,41071,0.16700000000000012,"
L_00000207", 50, Branch And Price, 360, true, true, 1348.000, 1348.000, 0.000, 0.000, 1330.800, 21.980, 0.747, 21.597, 17.089, 9.036, 559, 1, 1, 556, 1115,0,1200222,936739,189087,0.5950000000000004,"
L_00000208", 50, Branch And Price, 360, true, true, 1219.000, 1219.000, 0.000, 0.000, 1210.900, 2.445, 0.289, 2.397, 1.419, 1.163, 90, 1, 1, 84, 173,0,200837,161091,22974,0.1410000000000001,"
L_00000209", 50, Branch And Price, 360, true, true, 1239.000, 1239.000, 0.000, 0.000, 1232.900, 1.704, 0.198, 1.662, 0.731, 1.009, 50, 1, 1, 47, 97,0,192371,152054,38547,0.10900000000000008,"
L_00000210", 50, Branch And Price, 360, true, true, 1501.000, 1501.000, 0.000, 0.000, 1499.100, 3.272, 0.358, 3.173, 1.181, 2.077, 171, 1, 1, 166, 337,0,291505,235925,35379,0.16200000000000012,"
L_00000211", 50, Branch And Price, 360, true, true, 1214.000, 1214.000, 0.000, 0.000, 1205.400, 5.619, 1.023, 5.588, 1.529, 4.155, 46, 1, 1, 43, 89,0,427999,337772,37686,0.1540000000000001,"
L_00000212", 50, Branch And Price, 360, true, true, 1389.000, 1389.000, 0.000, 0.000, 1375.900, 8.896, 0.460, 8.781, 3.260, 6.041, 177, 1, 1, 174, 351,0,570943,426473,84999,0.2430000000000002,"
L_00000213", 50, Branch And Price, 360, true, true, 1459.000, 1459.000, 0.000, 0.000, 1452.900, 2.937, 0.439, 2.843, 1.838, 1.443, 167, 1, 1, 162, 329,0,259877,202665,36787,0.1540000000000001,"
L_00000214", 50, Branch And Price, 360, true, true, 1367.000, 1367.000, 0.000, 0.000, 1351.700, 5.910, 1.449, 5.841, 1.887, 4.042, 75, 1, 1, 72, 147,0,441510,321015,91684,0.18600000000000014,"
L_00000215", 50, Branch And Price, 360, true, true, 1551.000, 1551.000, 0.000, 0.000, 1532.100, 22.189, 0.796, 22.054, 2.746, 19.573, 159, 1, 1, 156, 315,0,640834,515303,85798,0.35700000000000026,"
L_00000216", 50, Branch And Price, 360, true, true, 1299.000, 1299.000, 0.000, 0.000, 1298.900, 0.718, 0.354, 0.715, 0.140, 0.567, 9, 1, 1, 6, 15,0,88870,66649,5285,0.047000000000000035,"
L_00000217", 50, Branch And Price, 360, true, true, 1448.000, 1448.000, 0.000, 0.000, 1440.800, 5.539, 0.633, 5.357, 3.638, 2.430, 322, 1, 1, 319, 641,0,432258,333259,51378,0.2480000000000002,"
L_00000218", 50, Branch And Price, 360, true, false, 1553.000, 1552.000, 0.064, 0.000, 1533.200, 360.024, 0.156, 358.335, 176.156, 159.595, 7369, 1, 1, 258, 14219,6850,16189089,11069280,1610794,4.1319999999997155,"
L_00000219", 50, Branch And Price, 360, true, true, 1433.000, 1433.000, 0.000, 0.000, 1424.300, 1.620, 0.204, 1.596, 0.498, 1.145, 39, 1, 1, 30, 63,0,169247,136283,14040,0.11600000000000009,"
L_00000220", 50, Branch And Price, 360, true, true, 1492.000, 1492.000, 0.000, 0.000, 1489.200, 3.529, 1.740, 3.463, 1.264, 2.382, 100, 1, 1, 96, 195,0,282466,222104,17059,0.16100000000000012,"
L_00000221", 50, Branch And Price, 360, true, true, 1556.000, 1556.000, 0.000, 0.000, 1537.600, 15.955, 0.172, 15.866, 3.625, 12.855, 153, 1, 1, 148, 299,0,735252,609568,47576,0.4850000000000004,"
L_00000222", 50, Branch And Price, 360, true, true, 1368.000, 1368.000, 0.000, 0.000, 1352.800, 2.731, 0.367, 2.704, 0.967, 1.767, 42, 1, 1, 36, 75,0,279539,225237,41416,0.1210000000000001,"
L_00000223", 50, Branch And Price, 360, true, true, 1370.000, 1370.000, 0.000, 0.000, 1355.000, 6.310, 0.109, 6.226, 2.168, 4.189, 100, 1, 1, 95, 193,0,475081,376432,59174,0.3110000000000002,"
L_00000224", 50, Branch And Price, 360, true, true, 1520.000, 1520.000, 0.000, 0.000, 1520.000, 1.093, 0.107, 1.049, 0.591, 0.522, 77, 0, 1, 74, 149,0,133269,102734,18274,0.06600000000000004,"
L_00000225", 50, Branch And Price, 360, true, true, 1502.000, 1502.000, 0.000, 0.000, 1500.200, 1.962, 0.138, 1.910, 0.849, 1.149, 94, 1, 1, 91, 185,0,182351,134809,25930,0.11200000000000009,"
L_00000226", 50, Branch And Price, 360, true, true, 1280.000, 1280.000, 0.000, 0.000, 1278.000, 0.406, 0.181, 0.405, 0.108, 0.294, 6, 1, 1, 2, 7,0,61148,48325,13476,0.044000000000000025,"
L_00000227", 50, Branch And Price, 360, true, true, 1623.000, 1623.000, 0.000, 0.000, 1611.300, 6.774, 0.185, 6.513, 5.486, 2.079, 463, 1, 1, 460, 923,0,450355,332751,81812,0.21800000000000017,"
L_00000228", 50, Branch And Price, 360, true, true, 1356.000, 1356.000, 0.000, 0.000, 1339.600, 5.716, 0.313, 5.625, 2.338, 3.525, 111, 1, 1, 104, 211,0,432926,334752,71606,0.2480000000000002,"
L_00000229", 50, Branch And Price, 360, true, true, 1394.000, 1394.000, 0.000, 0.000, 1381.400, 3.011, 1.315, 2.980, 0.577, 2.394, 43, 1, 1, 40, 83,0,235019,185904,22427,0.11900000000000009,"
L_00000230", 50, Branch And Price, 360, true, true, 1415.000, 1415.000, 0.000, 0.000, 1404.500, 4.018, 0.194, 3.857, 3.007, 1.423, 233, 1, 1, 230, 463,0,326772,238735,62482,0.16400000000000012,"
L_00000231", 50, Branch And Price, 360, true, true, 1157.000, 1157.000, 0.000, 0.000, 1142.700, 34.554, 2.744, 34.348, 14.484, 22.878, 300, 1, 1, 297, 597,0,1421197,1092313,229209,0.5430000000000004,"
L_00000232", 50, Branch And Price, 360, true, true, 1291.000, 1291.000, 0.000, 0.000, 1290.100, 1.356, 0.300, 1.348, 0.296, 1.044, 15, 1, 1, 12, 27,0,160780,133082,18775,0.09400000000000007,"
L_00000233", 50, Branch And Price, 360, true, true, 1247.000, 1247.000, 0.000, 0.000, 1241.700, 1.146, 0.135, 1.127, 0.422, 0.682, 32, 1, 1, 29, 61,0,100889,75887,12570,0.07700000000000005,"
L_00000234", 50, Branch And Price, 360, true, true, 1581.000, 1581.000, 0.000, 0.000, 1565.100, 6.384, 0.217, 6.161, 4.545, 2.514, 319, 1, 1, 312, 627,0,460281,344900,100271,0.23300000000000018,"
L_00000235", 50, Branch And Price, 360, true, true, 1246.000, 1246.000, 0.000, 0.000, 1240.600, 2.393, 1.020, 2.378, 0.455, 1.908, 21, 1, 1, 17, 37,0,225851,192812,13310,0.1470000000000001,"
L_00000236", 50, Branch And Price, 360, true, true, 1431.000, 1431.000, 0.000, 0.000, 1422.100, 1.004, 0.073, 0.986, 0.243, 0.732, 28, 1, 1, 25, 53,0,117953,95743,12334,0.04900000000000004,"
L_00000237", 50, Branch And Price, 360, true, true, 1357.000, 1357.000, 0.000, 0.000, 1340.700, 10.269, 0.281, 10.157, 4.701, 6.056, 193, 1, 1, 185, 373,0,767969,621801,106083,0.36500000000000027,"
L_00000238", 50, Branch And Price, 360, true, true, 1361.000, 1361.000, 0.000, 0.000, 1345.100, 13.199, 1.277, 13.141, 2.675, 10.636, 75, 1, 1, 72, 147,0,540417,430935,46827,0.2650000000000002,"
L_00000239", 50, Branch And Price, 360, true, true, 1480.000, 1480.000, 0.000, 0.000, 1476.000, 1.605, 0.242, 1.557, 0.661, 0.898, 65, 1, 1, 61, 125,0,189194,154724,15328,0.1350000000000001,"
L_00000240", 50, Branch And Price, 360, true, true, 1492.000, 1492.000, 0.000, 0.000, 1489.200, 1.325, 0.144, 1.290, 0.693, 0.642, 58, 1, 1, 54, 111,0,133391,100366,22953,0.06200000000000005,"
L_00000241", 50, Branch And Price, 360, true, true, 1469.000, 1469.000, 0.000, 0.000, 1463.900, 1.438, 0.370, 1.383, 0.546, 0.827, 79, 1, 1, 75, 153,0,146535,114370,18592,0.08700000000000006,"
L_00000242", 50, Branch And Price, 360, true, true, 1393.000, 1393.000, 0.000, 0.000, 1380.300, 5.932, 0.303, 5.839, 3.024, 3.291, 147, 1, 1, 144, 291,0,416545,347888,34705,0.23900000000000018,"
L_00000243", 50, Branch And Price, 360, true, true, 1484.000, 1484.000, 0.000, 0.000, 1480.400, 1.282, 0.286, 1.260, 0.331, 0.914, 40, 1, 1, 36, 75,0,141540,114248,11685,0.07000000000000005,"
L_00000244", 50, Branch And Price, 360, true, true, 1355.000, 1355.000, 0.000, 0.000, 1338.500, 17.784, 0.471, 17.484, 11.965, 7.834, 427, 1, 1, 421, 847,0,910911,724864,91840,0.45700000000000035,"
L_00000245", 50, Branch And Price, 360, true, true, 1436.000, 1436.000, 0.000, 0.000, 1427.600, 7.912, 1.031, 7.742, 4.265, 4.364, 306, 1, 1, 302, 607,0,556935,440840,71257,0.3160000000000002,"
L_00000246", 50, Branch And Price, 360, true, true, 1518.000, 1518.000, 0.000, 0.000, 1517.800, 4.100, 0.131, 4.000, 1.608, 2.584, 189, 1, 1, 186, 375,0,333942,252143,59354,0.17200000000000013,"
L_00000247", 50, Branch And Price, 360, true, true, 1554.000, 1554.000, 0.000, 0.000, 1535.400, 86.228, 0.214, 85.909, 14.620, 70.993, 966, 1, 2, 957, 1919,0,3889468,2837885,553663,1.46199999999995,"
L_00000248", 50, Branch And Price, 360, true, true, 1491.000, 1491.000, 0.000, 0.000, 1488.100, 1.480, 0.060, 1.424, 0.833, 0.630, 110, 1, 1, 107, 217,0,157154,118513,22862,0.09000000000000007,"
L_00000249", 50, Branch And Price, 360, true, true, 1448.000, 1448.000, 0.000, 0.000, 1440.800, 1.930, 0.197, 1.900, 0.314, 1.559, 46, 1, 1, 43, 89,0,158884,127430,12394,0.10600000000000008,"
L_00000250", 60, Branch And Price, 360, true, true, 1891.000, 1891.000, 0.000, 0.000, 1884.100, 2.946, 0.192, 2.710, 2.213, 0.640, 242, 1, 1, 237, 477,0,192816,141407,19372,0.17300000000000013,"
L_00000251", 60, Branch And Price, 360, true, true, 1618.000, 1618.000, 0.000, 0.000, 1605.800, 21.391, 4.023, 21.069, 9.545, 13.399, 320, 1, 1, 304, 613,0,1161046,954732,104505,0.7500000000000006,"
L_00000252", 60, Branch And Price, 360, true, true, 1653.000, 1653.000, 0.000, 0.000, 1644.300, 5.984, 2.350, 5.904, 1.575, 4.304, 63, 1, 1, 60, 123,0,405437,324022,30284,0.2780000000000002,"
L_00000253", 60, Branch And Price, 360, true, true, 1575.000, 1575.000, 0.000, 0.000, 1558.500, 51.692, 5.027, 50.975, 31.866, 26.904, 606, 1, 1, 599, 1201,0,2452197,2044238,290244,1.4339999999999535,"
L_00000254", 60, Branch And Price, 360, true, true, 1937.000, 1937.000, 0.000, 0.000, 1934.700, 9.086, 0.256, 8.536, 7.032, 2.173, 622, 1, 1, 616, 1237,0,498320,382746,43647,0.4290000000000003,"
L_00000255", 60, Branch And Price, 360, true, true, 1631.000, 1631.000, 0.000, 0.000, 1620.100, 7.227, 3.112, 7.139, 2.722, 4.371, 59, 1, 1, 56, 115,0,567447,479297,26843,0.43500000000000033,"
L_00000256", 60, Branch And Price, 360, true, true, 1647.000, 1647.000, 0.000, 0.000, 1637.700, 53.789, 4.024, 52.880, 39.131, 25.160, 966, 1, 1, 960, 1925,0,2061584,1593832,281320,1.0529999999999948,"
L_00000257", 60, Branch And Price, 360, true, true, 1797.000, 1797.000, 0.000, 0.000, 1780.700, 27.319, 5.947, 26.432, 19.130, 11.155, 733, 1, 1, 729, 1461,0,1358136,1083067,136374,0.8710000000000007,"
L_00000258", 60, Branch And Price, 360, true, false, 13200.000, 1635.000, 87.614, 0.000, 1624.500, 6036.386, 11.817, 6036.375, 2.833, 6033.468, 7, 1, 0, 0, 13,6,4732727,4208463,31886,3.7429999999996992,"
L_00000259", 60, Branch And Price, 360, true, true, 1499.000, 1499.000, 0.000, 0.000, 1496.900, 8.337, 0.769, 8.281, 1.056, 7.188, 55, 1, 1, 52, 107,0,499345,435190,6939,0.3830000000000003,"
L_00000260", 60, Branch And Price, 360, true, true, 1670.000, 1670.000, 0.000, 0.000, 1663.000, 17.648, 11.383, 17.579, 2.041, 15.436, 66, 1, 1, 59, 125,0,683809,571825,26871,0.44600000000000034,"
L_00000261", 60, Branch And Price, 360, true, true, 1793.000, 1793.000, 0.000, 0.000, 1776.300, 19.582, 0.487, 19.184, 12.008, 9.092, 352, 1, 1, 336, 675,0,1235023,991326,173384,0.6990000000000005,"
L_00000262", 60, Branch And Price, 360, true, true, 1672.000, 1672.000, 0.000, 0.000, 1665.200, 0.737, 0.158, 0.726, 0.218, 0.471, 15, 1, 1, 11, 25,0,84655,69414,3559,0.048000000000000036,"
L_00000263", 60, Branch And Price, 360, true, true, 1614.000, 1614.000, 0.000, 0.000, 1601.400, 13.958, 2.286, 13.768, 5.485, 9.237, 190, 1, 1, 186, 375,0,811609,656832,65104,0.5990000000000004,"
L_00000264", 60, Branch And Price, 360, true, true, 1637.000, 1637.000, 0.000, 0.000, 1626.700, 7.826, 3.535, 7.656, 3.122, 4.863, 172, 1, 1, 167, 339,0,472473,348823,54612,0.22800000000000017,"
L_00000265", 60, Branch And Price, 360, true, true, 1813.000, 1813.000, 0.000, 0.000, 1798.300, 11.895, 0.383, 11.530, 6.789, 5.709, 282, 1, 1, 278, 559,0,871970,716394,111043,0.6490000000000005,"
L_00000266", 60, Branch And Price, 360, true, true, 1859.000, 1859.000, 0.000, 0.000, 1848.900, 7.812, 6.610, 7.756, 0.796, 6.898, 45, 1, 1, 41, 85,0,358929,273182,40858,0.16600000000000012,"
L_00000267", 60, Branch And Price, 360, true, true, 1615.000, 1615.000, 0.000, 0.000, 1602.500, 11.408, 3.822, 11.377, 1.912, 9.442, 26, 1, 1, 16, 35,0,666382,529665,84425,0.2970000000000002,"
L_00000268", 60, Branch And Price, 360, true, true, 1727.000, 1727.000, 0.000, 0.000, 1725.700, 1.096, 0.197, 1.032, 0.486, 0.494, 79, 1, 1, 74, 151,0,109589,81646,15362,0.07900000000000006,"
L_00000269", 60, Branch And Price, 360, true, true, 1794.000, 1794.000, 0.000, 0.000, 1777.400, 16.359, 1.889, 16.026, 9.030, 8.568, 307, 1, 1, 302, 607,0,948537,729231,94374,0.5380000000000004,"
L_00000270", 60, Branch And Price, 360, true, true, 1552.000, 1552.000, 0.000, 0.000, 1533.200, 80.598, 1.836, 79.589, 65.491, 35.498, 1324, 1, 1, 1319, 2643,0,3430457,2799791,482640,2.348999999999853,"
L_00000271", 60, Branch And Price, 360, true, true, 1559.000, 1559.000, 0.000, 0.000, 1540.900, 61.347, 1.625, 60.668, 36.790, 32.373, 528, 1, 1, 524, 1051,0,2737815,2280332,298668,1.5489999999999402,"
L_00000272", 60, Branch And Price, 360, true, true, 1698.000, 1698.000, 0.000, 0.000, 1693.800, 2.043, 0.167, 1.989, 0.795, 1.162, 51, 1, 1, 46, 97,0,189300,154638,10182,0.1370000000000001,"
L_00000273", 60, Branch And Price, 360, true, true, 1833.000, 1833.000, 0.000, 0.000, 1820.300, 10.009, 1.104, 9.616, 6.066, 4.400, 324, 1, 1, 320, 643,0,660067,517007,86971,0.5130000000000003,"
L_00000274", 60, Branch And Price, 360, true, true, 1566.000, 1566.000, 0.000, 0.000, 1548.600, 105.221, 2.512, 104.358, 54.581, 65.177, 987, 1, 1, 982, 1967,0,4001976,3218102,485953,2.6819999999998156,"
L_00000275", 60, Branch And Price, 360, true, true, 1721.000, 1721.000, 0.000, 0.000, 1719.100, 5.667, 1.397, 5.490, 2.229, 3.311, 188, 1, 1, 185, 373,0,522290,424174,79787,0.4060000000000003,"
L_00000276", 60, Branch And Price, 360, true, true, 1794.000, 1794.000, 0.000, 0.000, 1777.400, 3.025, 0.470, 2.976, 1.174, 1.742, 35, 1, 1, 29, 63,0,298890,242556,26506,0.2660000000000002,"
L_00000277", 60, Branch And Price, 360, true, true, 1847.000, 1847.000, 0.000, 0.000, 1835.700, 8.251, 0.226, 7.915, 3.771, 4.385, 250, 1, 1, 246, 495,0,560895,458404,31952,0.4070000000000003,"
L_00000278", 60, Branch And Price, 360, true, true, 1462.000, 1462.000, 0.000, 0.000, 1456.200, 33.693, 15.577, 33.432, 13.275, 22.363, 246, 1, 1, 241, 485,0,1745097,1417456,164290,1.2269999999999757,"
L_00000279", 60, Branch And Price, 360, true, true, 1647.000, 1647.000, 0.000, 0.000, 1637.700, 12.582, 1.699, 12.346, 4.816, 8.006, 199, 1, 1, 195, 393,0,888768,723482,102010,0.6030000000000004,"
L_00000280", 60, Branch And Price, 360, true, true, 1647.000, 1647.000, 0.000, 0.000, 1637.700, 2.486, 0.218, 2.437, 0.973, 1.468, 41, 1, 1, 38, 79,0,177752,130990,28566,0.09500000000000007,"
L_00000281", 60, Branch And Price, 360, true, true, 1657.000, 1657.000, 0.000, 0.000, 1648.700, 23.569, 0.851, 23.159, 8.946, 16.055, 376, 1, 1, 373, 749,0,1195420,989368,87689,0.7700000000000006,"
L_00000282", 60, Branch And Price, 360, true, true, 1614.000, 1614.000, 0.000, 0.000, 1601.400, 11.391, 5.803, 11.349, 2.072, 9.222, 27, 1, 1, 24, 51,0,756485,647706,19130,0.46300000000000036,"
L_00000283", 60, Branch And Price, 360, true, true, 1884.000, 1884.000, 0.000, 0.000, 1876.400, 10.432, 1.890, 9.869, 7.022, 3.766, 582, 1, 1, 575, 1155,0,575460,444171,51272,0.43500000000000033,"
L_00000284", 60, Branch And Price, 360, true, true, 1774.000, 1774.000, 0.000, 0.000, 1755.400, 79.632, 0.597, 79.177, 13.081, 67.115, 244, 1, 1, 239, 481,0,2623233,2302443,392958,2.257999999999863,"
L_00000285", 60, Branch And Price, 360, true, true, 1585.000, 1585.000, 0.000, 0.000, 1569.500, 21.837, 0.298, 21.459, 9.703, 12.824, 247, 1, 1, 234, 471,0,1352223,1130132,173350,0.9210000000000007,"
L_00000286", 60, Branch And Price, 360, true, true, 1782.000, 1782.000, 0.000, 0.000, 1764.200, 46.604, 1.503, 45.497, 36.553, 19.719, 1089, 1, 1, 1086, 2175,0,1999534,1622307,345265,1.55199999999994,"
L_00000287", 60, Branch And Price, 360, true, true, 1618.000, 1618.000, 0.000, 0.000, 1605.800, 16.115, 0.729, 15.830, 6.582, 10.187, 286, 1, 1, 283, 569,0,950342,687125,98695,0.5690000000000004,"
L_00000288", 60, Branch And Price, 360, true, true, 1629.000, 1629.000, 0.000, 0.000, 1617.900, 32.193, 22.113, 31.857, 7.684, 24.951, 246, 1, 1, 237, 477,0,1061248,851549,96586,0.5750000000000004,"
L_00000289", 60, Branch And Price, 360, true, false, 13200.000, 1578.000, 88.045, 0.000, 1561.800, 4140.988, 1.847, 4140.982, 1.934, 4139.005, 5, 1, 0, 0, 9,4,4676306,4116453,28711,3.575999999999717,"
L_00000290", 60, Branch And Price, 360, true, true, 1625.000, 1625.000, 0.000, 0.000, 1613.500, 16.901, 2.774, 16.698, 5.268, 11.772, 145, 1, 1, 142, 287,0,949103,795864,41994,0.5980000000000004,"
L_00000291", 60, Branch And Price, 360, true, true, 1832.000, 1832.000, 0.000, 0.000, 1819.200, 38.882, 2.693, 38.608, 6.593, 33.008, 304, 1, 1, 300, 603,0,1454253,1177487,114360,0.7700000000000006,"
L_00000292", 60, Branch And Price, 360, true, true, 1773.000, 1773.000, 0.000, 0.000, 1754.300, 280.205, 0.298, 279.830, 9.804, 271.387, 320, 1, 1, 267, 537,0,2061899,1720066,216213,1.2489999999999732,"
L_00000293", 60, Branch And Price, 360, true, true, 1674.000, 1674.000, 0.000, 0.000, 1667.400, 2.939, 1.171, 2.912, 0.637, 2.238, 23, 1, 1, 20, 43,0,236839,182956,20105,0.1380000000000001,"
L_00000294", 60, Branch And Price, 360, true, false, 13200.000, 1668.000, 87.364, 0.000, 1660.800, 383.507, 3.191, 383.279, 4.803, 379.117, 224, 1, 0, 0, 445,221,1787436,1443532,174665,1.1229999999999871,"
L_00000295", 60, Branch And Price, 360, true, true, 1706.000, 1706.000, 0.000, 0.000, 1702.600, 1.339, 0.205, 1.298, 0.521, 0.726, 45, 1, 1, 40, 83,0,130767,99981,15472,0.09600000000000006,"
L_00000296", 60, Branch And Price, 360, true, true, 1443.000, 1443.000, 0.000, 0.000, 1435.300, 13.121, 1.653, 12.851, 7.247, 6.716, 261, 1, 1, 251, 505,0,748048,589865,129326,0.36600000000000027,"
L_00000297", 60, Branch And Price, 360, true, true, 1721.000, 1721.000, 0.000, 0.000, 1719.100, 6.881, 1.510, 6.683, 2.202, 4.468, 158, 1, 1, 155, 313,0,425485,322945,49872,0.21500000000000016,"
L_00000298", 60, Branch And Price, 360, true, true, 1831.000, 1831.000, 0.000, 0.000, 1818.100, 10.668, 0.994, 10.498, 2.567, 8.138, 146, 1, 1, 143, 289,0,748141,623301,25747,0.6810000000000005,"
L_00000299", 60, Branch And Price, 360, true, true, 1726.000, 1726.000, 0.000, 0.000, 1724.600, 4.926, 1.315, 4.848, 1.403, 3.389, 85, 1, 1, 73, 153,0,379182,316478,21504,0.2420000000000002,"
L_00000300", 70, Branch And Price, 360, true, true, 1814.000, 1814.000, 0.000, 0.000, 1799.400, 64.581, 13.673, 63.611, 39.938, 31.555, 540, 1, 1, 530, 1067,0,2902254,2406378,434155,2.316999999999856,"
L_00000301", 70, Branch And Price, 360, true, true, 2075.000, 2075.000, 0.000, 0.000, 2064.500, 38.102, 2.790, 36.272, 31.971, 10.416, 1127, 1, 1, 1123, 2249,0,1426276,1097249,169696,1.1009999999999895,"
L_00000302", 70, Branch And Price, 360, true, true, 1940.000, 1940.000, 0.000, 0.000, 1938.000, 20.421, 2.106, 19.760, 7.850, 12.281, 342, 1, 1, 339, 681,0,817834,644793,94813,0.4880000000000004,"
L_00000303", 70, Branch And Price, 360, true, true, 1993.000, 1993.000, 0.000, 0.000, 1974.300, 80.032, 2.275, 79.250, 23.521, 60.283, 542, 1, 1, 539, 1081,0,2490121,2107613,339720,1.7909999999999136,"
L_00000304", 70, Branch And Price, 360, true, true, 2048.000, 2048.000, 0.000, 0.000, 2034.800, 103.803, 5.515, 101.093, 67.493, 51.627, 1781, 1, 1, 1772, 3551,0,2455280,1927330,162628,1.9099999999999013,"
L_00000305", 70, Branch And Price, 360, true, true, 1879.000, 1879.000, 0.000, 0.000, 1870.900, 20.286, 5.359, 19.709, 10.032, 10.315, 338, 1, 1, 335, 673,0,991244,799752,95832,0.7470000000000006,"
L_00000306", 70, Branch And Price, 360, true, true, 1918.000, 1918.000, 0.000, 0.000, 1913.800, 13.141, 3.793, 12.492, 8.380, 4.519, 329, 1, 1, 326, 655,0,680377,536543,55069,0.5470000000000004,"
L_00000307", 70, Branch And Price, 360, true, true, 2159.000, 2159.000, 0.000, 0.000, 2156.900, 23.968, 3.069, 22.965, 11.524, 12.773, 671, 1, 1, 667, 1337,0,1255052,1076589,42167,1.3389999999999633,"
L_00000308", 70, Branch And Price, 360, true, true, 1880.000, 1880.000, 0.000, 0.000, 1872.000, 8.304, 1.207, 8.208, 2.746, 5.464, 60, 1, 1, 45, 93,0,721224,619277,42651,0.6490000000000005,"
L_00000309", 70, Branch And Price, 360, true, true, 1945.000, 1945.000, 0.000, 0.000, 1943.500, 42.754, 10.957, 42.226, 10.152, 33.335, 355, 1, 1, 352, 707,0,1964817,1691672,113547,1.4959999999999467,"
L_00000310", 70, Branch And Price, 360, true, false, 15400.000, 1999.000, 87.019, 0.000, 1980.900, 33915.535, 1.031, 33914.068, 43.848, 33879.687, 899, 1, 0, 0, 1797,898,8264608,5761796,3156098,8.74900000000059,"
L_00000311", 70, Branch And Price, 360, true, true, 2095.000, 2095.000, 0.000, 0.000, 2086.500, 25.902, 5.414, 25.376, 7.707, 17.187, 214, 1, 1, 211, 425,0,1198548,974398,28546,1.0939999999999903,"
L_00000312", 70, Branch And Price, 360, true, true, 1855.000, 1855.000, 0.000, 0.000, 1844.500, 24.665, 5.531, 24.325, 9.787, 14.672, 153, 1, 1, 150, 303,0,1301419,1066035,43239,0.9000000000000007,"
L_00000313", 70, Branch And Price, 360, true, true, 1865.000, 1865.000, 0.000, 0.000, 1855.500, 25.190, 2.098, 25.129, 5.097, 19.991, 29, 1, 1, 24, 51,0,1652964,1407755,133680,1.4029999999999563,"
L_00000314", 70, Branch And Price, 360, true, true, 1656.000, 1656.000, 0.000, 0.000, 1647.600, 43.477, 6.901, 43.123, 25.519, 21.544, 248, 1, 1, 226, 455,0,2341841,2014883,186574,1.8559999999999066,"
L_00000315", 70, Branch And Price, 360, true, true, 1792.000, 1792.000, 0.000, 0.000, 1775.200, 114.860, 34.653, 114.144, 41.613, 81.956, 556, 1, 1, 552, 1107,0,3568681,3067674,159703,2.153999999999874,"
L_00000316", 70, Branch And Price, 360, true, true, 1939.000, 1939.000, 0.000, 0.000, 1936.900, 15.640, 6.191, 15.491, 2.540, 12.879, 82, 1, 1, 70, 143,0,868516,737329,23883,0.6320000000000005,"
L_00000317", 70, Branch And Price, 360, true, true, 1995.000, 1995.000, 0.000, 0.000, 1976.500, 55.453, 2.391, 54.628, 26.168, 33.426, 588, 1, 1, 577, 1157,0,2309762,1934027,284611,1.6199999999999324,"
L_00000318", 70, Branch And Price, 360, true, true, 2308.000, 2308.000, 0.000, 0.000, 2298.800, 13.837, 1.242, 12.718, 8.932, 3.976, 627, 1, 1, 623, 1249,0,623906,473885,66731,0.5890000000000004,"
L_00000319", 70, Branch And Price, 360, true, true, 1734.000, 1734.000, 0.000, 0.000, 1733.400, 48.690, 6.144, 48.383, 12.560, 36.984, 175, 1, 1, 169, 341,0,2325556,2057956,62521,2.063999999999884,"
L_00000320", 70, Branch And Price, 360, true, true, 1861.000, 1861.000, 0.000, 0.000, 1851.100, 5.036, 0.665, 4.848, 2.314, 2.366, 98, 1, 1, 95, 193,0,327141,251049,34352,0.21400000000000016,"
L_00000321", 70, Branch And Price, 360, true, true, 1923.000, 1923.000, 0.000, 0.000, 1919.300, 10.440, 0.559, 10.256, 3.806, 6.518, 123, 1, 1, 119, 241,0,731654,614953,46216,0.5540000000000004,"
L_00000322", 70, Branch And Price, 360, true, true, 2074.000, 2074.000, 0.000, 0.000, 2063.400, 17.251, 0.306, 16.731, 6.333, 10.924, 298, 1, 1, 295, 593,0,907466,740709,62272,0.8530000000000006,"
L_00000323", 70, Branch And Price, 360, true, true, 2013.000, 2013.000, 0.000, 0.000, 1996.300, 99.561, 48.591, 97.883, 58.455, 56.187, 1217, 1, 1, 1211, 2425,0,3131522,2699881,157258,2.422999999999845,"
L_00000324", 70, Branch And Price, 360, true, false, 15400.000, 2047.000, 86.708, 0.000, 2033.700, 714.317, 1.234, 713.887, 9.246, 705.554, 253, 1, 0, 0, 505,252,2411642,2074239,126696,2.177999999999871,"
L_00000325", 70, Branch And Price, 360, true, false, 15400.000, 1840.000, 88.052, 0.000, 1828.000, 633.206, 110.009, 633.203, 26.493, 606.574, 3, 1, 0, 0, 5,2,8676449,8018826,23887,7.605000000000873,"
L_00000326", 70, Branch And Price, 360, true, true, 1942.000, 1942.000, 0.000, 0.000, 1940.200, 26.641, 12.160, 26.078, 9.753, 17.532, 341, 1, 1, 329, 661,0,1342763,1107078,138361,0.9200000000000007,"
L_00000327", 70, Branch And Price, 360, true, false, 15400.000, 1554.000, 89.909, 0.000, 1535.400, 2052.057, 36.051, 2051.935, 39.819, 2011.966, 31, 1, 0, 0, 61,30,10561609,9531390,579599,9.633000000000091,"
L_00000328", 70, Branch And Price, 360, true, true, 1824.000, 1824.000, 0.000, 0.000, 1810.400, 76.355, 0.466, 74.901, 44.934, 40.729, 1043, 1, 1, 1039, 2081,0,2613902,2086181,565545,1.5549999999999395,"
L_00000329", 70, Branch And Price, 360, true, true, 1805.000, 1805.000, 0.000, 0.000, 1789.500, 352.236, 1.715, 351.453, 25.420, 328.842, 340, 1, 1, 326, 657,0,5129079,4525621,224859,4.5389999999998505,"
L_00000330", 70, Branch And Price, 360, true, true, 1988.000, 1988.000, 0.000, 0.000, 1968.800, 196.448, 3.278, 195.749, 31.999, 169.047, 456, 1, 1, 452, 907,0,4498698,3597855,319774,3.9519999999996767,"
L_00000331", 70, Branch And Price, 360, true, true, 1795.000, 1795.000, 0.000, 0.000, 1778.500, 135.518, 2.323, 134.398, 48.955, 98.168, 794, 1, 1, 790, 1583,0,3889283,3155281,470794,2.637999999999821,"
L_00000332", 70, Branch And Price, 360, true, false, 15400.000, 1771.000, 88.500, 0.000, 1752.100, 1188.042, 1.453, 1187.845, 56.199, 1131.086, 48, 1, 0, 0, 95,47,11956220,10919256,381244,12.118999999998739,"
L_00000333", 70, Branch And Price, 360, true, true, 2000.000, 2000.000, 0.000, 0.000, 1982.000, 76.904, 1.237, 74.953, 67.659, 25.953, 1188, 1, 1, 1156, 2317,0,2830327,2368714,294679,2.0899999999998813,"
L_00000334", 70, Branch And Price, 360, true, true, 2350.000, 2350.000, 0.000, 0.000, 2345.000, 25.915, 1.621, 23.957, 21.848, 5.656, 1367, 1, 1, 1361, 2727,0,926202,692873,56387,0.9180000000000007,"
L_00000335", 70, Branch And Price, 360, true, true, 1796.000, 1796.000, 0.000, 0.000, 1779.600, 66.406, 9.912, 65.916, 10.989, 55.270, 172, 1, 1, 169, 341,0,2375092,2053303,73218,1.7829999999999144,"
L_00000336", 70, Branch And Price, 360, true, true, 1988.000, 1988.000, 0.000, 0.000, 1968.800, 55.111, 8.566, 54.650, 13.361, 41.618, 168, 1, 1, 161, 325,0,1870323,1555083,107813,1.310999999999967,"
L_00000337", 70, Branch And Price, 360, true, true, 1960.000, 1960.000, 0.000, 0.000, 1960.000, 14.551, 11.535, 14.447, 1.805, 12.347, 43, 0, 1, 42, 85,0,747506,647001,7389,0.6140000000000004,"
L_00000338", 70, Branch And Price, 360, true, true, 1834.000, 1834.000, 0.000, 0.000, 1821.400, 66.803, 1.618, 65.116, 49.393, 27.387, 913, 1, 1, 902, 1809,0,2655455,2221075,175542,1.8609999999999067,"
L_00000339", 70, Branch And Price, 360, true, true, 2083.000, 2083.000, 0.000, 0.000, 2073.300, 36.901, 2.030, 36.127, 21.501, 19.805, 627, 1, 1, 624, 1251,0,1797245,1476163,82532,1.5389999999999413,"
L_00000340", 70, Branch And Price, 360, true, true, 1921.000, 1921.000, 0.000, 0.000, 1917.100, 64.459, 5.023, 64.141, 7.665, 56.487, 202, 1, 1, 196, 397,0,1719404,1471407,107484,1.4949999999999466,"
L_00000341", 70, Branch And Price, 360, true, true, 1854.000, 1854.000, 0.000, 0.000, 1843.400, 79.755, 10.430, 79.374, 6.975, 72.811, 230, 1, 1, 225, 453,0,1611397,1345223,191121,0.9940000000000008,"
L_00000342", 70, Branch And Price, 360, true, true, 2159.000, 2159.000, 0.000, 0.000, 2156.900, 29.863, 11.017, 29.315, 9.444, 21.039, 355, 1, 1, 351, 705,0,1415757,1204572,58222,1.2769999999999702,"
L_00000343", 70, Branch And Price, 360, true, true, 1935.000, 1935.000, 0.000, 0.000, 1932.500, 16.289, 1.443, 15.853, 12.262, 5.888, 378, 1, 1, 371, 749,0,1002092,816579,62904,0.9260000000000007,"
L_00000344", 70, Branch And Price, 360, true, true, 2263.000, 2263.000, 0.000, 0.000, 2249.300, 52.005, 1.530, 50.829, 13.612, 38.738, 762, 1, 1, 757, 1517,0,885798,679415,70719,0.7400000000000005,"
L_00000345", 70, Branch And Price, 360, true, true, 1719.000, 1719.000, 0.000, 0.000, 1716.900, 14.114, 4.780, 13.777, 5.042, 8.352, 171, 1, 1, 167, 337,0,905389,776215,37532,0.8770000000000007,"
L_00000346", 70, Branch And Price, 360, true, true, 1946.000, 1946.000, 0.000, 0.000, 1944.600, 10.359, 1.806, 9.938, 5.571, 4.891, 313, 1, 1, 306, 619,0,756103,619569,54338,0.7320000000000005,"
L_00000347", 70, Branch And Price, 360, true, true, 1819.000, 1819.000, 0.000, 0.000, 1804.900, 86.080, 9.610, 85.353, 27.348, 61.282, 369, 1, 1, 362, 727,0,3105523,2564737,390882,1.8549999999999067,"
L_00000348", 70, Branch And Price, 360, true, true, 1676.000, 1676.000, 0.000, 0.000, 1669.600, 16.956, 1.610, 16.465, 11.113, 6.193, 267, 1, 1, 262, 529,0,1027169,870690,57845,1.087999999999991,"
L_00000349", 70, Branch And Price, 360, true, true, 1710.000, 1710.000, 0.000, 0.000, 1707.000, 13.367, 4.841, 13.267, 4.462, 8.905, 54, 1, 1, 51, 105,0,952526,798984,58019,0.7170000000000005,"
L_00000350", 80, Branch And Price, 360, true, true, 2063.000, 2063.000, 0.000, 0.000, 2051.300, 74.632, 9.305, 71.783, 73.591, 19.961, 1599, 1, 1, 1594, 3193,0,2355241,1922579,200429,1.9829999999998926,"
L_00000351", 80, Branch And Price, 360, true, true, 2123.000, 2123.000, 0.000, 0.000, 2117.300, 120.346, 14.637, 117.607, 63.396, 68.798, 1293, 1, 1, 1290, 2583,0,3332317,2801761,494452,3.4199999999997344,"
L_00000352", 80, Branch And Price, 360, true, false, 17600.000, 2224.000, 87.364, 0.000, 2206.400, 663.325, 197.536, 663.319, 22.860, 640.341, 3, 1, 0, 0, 5,2,8524014,7481736,115295,7.207000000000738,"
L_00000353", 80, Branch And Price, 360, true, true, 2076.000, 2076.000, 0.000, 0.000, 2065.600, 313.478, 64.805, 309.308, 207.280, 179.871, 2312, 1, 1, 2309, 4621,0,8362398,7300267,283896,8.171000000000907,"
L_00000354", 80, Branch And Price, 360, true, true, 2399.000, 2399.000, 0.000, 0.000, 2398.900, 11.573, 0.939, 11.068, 4.739, 5.787, 234, 1, 1, 222, 447,0,813137,654041,79523,0.8170000000000006,"
L_00000355", 80, Branch And Price, 360, true, true, 2036.000, 2036.000, 0.000, 0.000, 2021.600, 67.027, 7.793, 65.948, 30.222, 40.015, 444, 1, 1, 440, 883,0,2641494,2213578,203872,2.1929999999998704,"
L_00000356", 80, Branch And Price, 360, true, true, 2236.000, 2236.000, 0.000, 0.000, 2219.600, 178.158, 14.205, 174.899, 95.138, 100.432, 1261, 1, 1, 1253, 2513,0,4701919,3936235,397108,4.103999999999706,"
L_00000357", 80, Branch And Price, 360, true, true, 2180.000, 2180.000, 0.000, 0.000, 2180.000, 20.409, 8.343, 19.888, 6.751, 12.473, 156, 0, 1, 155, 311,0,1110918,912091,82334,1.0399999999999963,"
L_00000358", 80, Branch And Price, 360, true, false, 17600.000, 2054.000, 88.330, 0.000, 2041.400, 30777.888, 20.966, 30777.316, 20.032, 30758.133, 165, 1, 0, 0, 329,164,11558833,9617479,257005,14.683999999997308,"
L_00000359", 80, Branch And Price, 360, true, true, 2233.000, 2233.000, 0.000, 0.000, 2216.300, 146.775, 24.436, 144.180, 81.949, 79.172, 1093, 1, 1, 1089, 2181,0,5287870,4664862,433200,5.793000000000267,"
L_00000360", 80, Branch And Price, 360, true, true, 2505.000, 2505.000, 0.000, 0.000, 2493.500, 86.122, 2.225, 81.910, 53.449, 37.089, 1851, 1, 1, 1847, 3697,0,1885798,1492324,126293,1.9449999999998966,"
L_00000361", 80, Branch And Price, 360, true, true, 2279.000, 2279.000, 0.000, 0.000, 2266.900, 118.496, 12.316, 115.278, 65.394, 64.318, 1487, 1, 1, 1482, 2969,0,3579300,2959447,400335,3.197999999999759,"
L_00000362", 80, Branch And Price, 360, true, true, 2448.000, 2448.000, 0.000, 0.000, 2430.800, 48.309, 3.846, 46.686, 24.131, 23.962, 537, 1, 1, 534, 1071,0,2385893,2072518,138129,3.0329999999997774,"
L_00000363", 80, Branch And Price, 360, true, true, 2171.000, 2171.000, 0.000, 0.000, 2170.100, 50.412, 12.268, 49.460, 17.902, 32.275, 323, 1, 1, 318, 639,0,2758238,2390790,225742,3.318999999999747,"
L_00000364", 80, Branch And Price, 360, true, true, 2395.000, 2395.000, 0.000, 0.000, 2394.500, 25.641, 0.748, 24.369, 17.191, 9.709, 657, 1, 1, 642, 1291,0,1385217,1180123,69799,1.8729999999999059,"
L_00000365", 80, Branch And Price, 360, true, true, 2300.000, 2300.000, 0.000, 0.000, 2290.000, 34.644, 8.478, 34.066, 10.527, 22.971, 193, 1, 1, 189, 381,0,2007982,1711736,65483,1.8139999999999112,"
L_00000366", 80, Branch And Price, 360, true, true, 2294.000, 2294.000, 0.000, 0.000, 2283.400, 71.981, 9.495, 69.644, 62.047, 24.246, 1470, 1, 1, 1466, 2935,0,2555110,2150429,173317,2.1429999999998754,"
L_00000367", 80, Branch And Price, 360, true, true, 2423.000, 2423.000, 0.000, 0.000, 2403.300, 213.100, 0.881, 211.321, 55.124, 168.484, 919, 1, 1, 910, 1823,0,3718155,3055319,461125,3.190999999999761,"
L_00000368", 80, Branch And Price, 360, true, true, 2175.000, 2175.000, 0.000, 0.000, 2174.500, 189.899, 14.363, 188.046, 42.357, 153.832, 791, 1, 1, 788, 1579,0,3483692,3034506,50217,3.625999999999712,"
L_00000369", 80, Branch And Price, 360, true, true, 2357.000, 2357.000, 0.000, 0.000, 2352.700, 12.904, 1.697, 12.389, 6.613, 5.976, 223, 1, 1, 219, 441,0,843841,692101,84265,0.9000000000000007,"
L_00000370", 80, Branch And Price, 360, true, true, 2268.000, 2268.000, 0.000, 0.000, 2254.800, 108.114, 6.055, 105.166, 63.003, 58.477, 1656, 1, 1, 1653, 3309,0,2888459,2383074,269406,2.659999999999819,"
L_00000371", 80, Branch And Price, 360, true, true, 2390.000, 2390.000, 0.000, 0.000, 2389.000, 44.822, 7.016, 43.023, 18.106, 22.644, 553, 1, 1, 549, 1101,0,2056905,1778974,79507,2.5189999999998336,"
L_00000372", 80, Branch And Price, 360, true, true, 2353.000, 2353.000, 0.000, 0.000, 2348.300, 45.168, 17.324, 43.480, 20.051, 23.973, 565, 1, 1, 560, 1123,0,1979125,1714267,61237,2.437999999999843,"
L_00000373", 80, Branch And Price, 360, true, true, 2458.000, 2458.000, 0.000, 0.000, 2441.800, 102.745, 3.430, 97.333, 103.225, 20.362, 2624, 1, 1, 2621, 5245,0,2553850,2011745,218822,2.512999999999835,"
L_00000374", 80, Branch And Price, 360, true, false, 17600.000, 2203.000, 87.483, 0.000, 2183.300, 360.034, 6.636, 354.953, 316.000, 128.682, 3960, 1, 0, 0, 7919,3959,8416610,6907807,783956,7.257000000000758,"
L_00000375", 80, Branch And Price, 360, true, true, 2392.000, 2392.000, 0.000, 0.000, 2391.200, 18.347, 3.432, 17.653, 8.417, 8.642, 285, 1, 1, 278, 563,0,1025442,824117,78470,0.9160000000000007,"
L_00000376", 80, Branch And Price, 360, true, true, 2082.000, 2082.000, 0.000, 0.000, 2072.200, 71.368, 8.151, 69.232, 51.964, 27.201, 1011, 1, 1, 1002, 2009,0,2563871,2055454,311228,1.7889999999999142,"
L_00000377", 80, Branch And Price, 360, true, false, 17600.000, 2237.000, 87.290, 0.000, 2220.700, 89264.068, 3.759, 89256.675, 170.418, 89127.418, 2485, 1, 0, 0, 4969,2484,14085313,11610635,6395987,16.54999999999724,"
L_00000378", 80, Branch And Price, 360, true, true, 2257.000, 2257.000, 0.000, 0.000, 2242.700, 168.418, 7.781, 165.354, 51.526, 121.627, 1143, 1, 1, 1135, 2275,0,3553939,2994511,121684,3.9049999999996814,"
L_00000379", 80, Branch And Price, 360, true, true, 2375.000, 2375.000, 0.000, 0.000, 2372.500, 24.452, 16.953, 24.234, 3.960, 19.864, 91, 1, 1, 81, 165,0,1062024,880250,34867,0.7310000000000005,"
L_00000380", 80, Branch And Price, 360, true, true, 2253.000, 2253.000, 0.000, 0.000, 2238.300, 289.948, 95.111, 284.548, 172.127, 167.453, 2235, 1, 1, 2232, 4467,0,6953148,5997811,215618,7.374000000000792,"
L_00000381", 80, Branch And Price, 360, true, false, 17600.000, 2020.000, 88.523, 0.000, 2004.000, 772.830, 6.809, 772.749, 14.747, 757.616, 15, 1, 0, 0, 29,14,6654914,5867178,410533,7.23500000000075,"
L_00000382", 80, Branch And Price, 360, true, false, 17600.000, 2326.000, 86.784, 0.000, 2318.600, 1578.688, 15.779, 1577.996, 8.707, 1569.337, 214, 1, 0, 0, 427,213,2860837,2552723,56030,3.807999999999692,"
L_00000383", 80, Branch And Price, 360, true, true, 2169.000, 2169.000, 0.000, 0.000, 2167.900, 66.520, 16.422, 65.694, 14.897, 51.371, 303, 1, 1, 298, 601,0,2721511,2371777,162313,2.9089999999997915,"
L_00000384", 80, Branch And Price, 360, true, true, 2177.000, 2177.000, 0.000, 0.000, 2176.700, 26.383, 0.672, 25.893, 7.698, 18.892, 240, 1, 1, 236, 475,0,1419719,1225017,56817,1.5109999999999444,"
L_00000385", 80, Branch And Price, 360, true, true, 2383.000, 2383.000, 0.000, 0.000, 2381.300, 68.482, 27.029, 66.813, 21.998, 47.544, 724, 1, 1, 721, 1445,0,2383951,2033791,163207,2.2439999999998643,"
L_00000386", 80, Branch And Price, 360, true, true, 2294.000, 2294.000, 0.000, 0.000, 2283.400, 40.979, 0.843, 38.351, 31.812, 9.161, 1013, 1, 1, 1009, 2021,0,1404915,1097855,82506,1.303999999999968,"
L_00000387", 80, Branch And Price, 360, true, true, 2285.000, 2285.000, 0.000, 0.000, 2273.500, 55.106, 0.893, 52.142, 41.265, 16.605, 1368, 1, 1, 1365, 2733,0,1445018,1084744,144931,1.160999999999983,"
L_00000388", 80, Branch And Price, 360, true, true, 2127.000, 2127.000, 0.000, 0.000, 2121.700, 29.718, 0.410, 28.793, 10.631, 18.381, 325, 1, 1, 321, 645,0,1552925,1297751,174558,1.3029999999999677,"
L_00000389", 80, Branch And Price, 360, true, true, 2325.000, 2325.000, 0.000, 0.000, 2317.500, 193.343, 7.040, 191.531, 50.937, 147.942, 719, 1, 1, 714, 1431,0,4207482,3659251,154524,3.9489999999996774,"
L_00000390", 80, Branch And Price, 360, true, true, 2222.000, 2222.000, 0.000, 0.000, 2204.200, 104.150, 1.248, 101.007, 76.668, 42.826, 1305, 1, 1, 1301, 2605,0,3387543,2675979,518770,3.0839999999997714,"
L_00000391", 80, Branch And Price, 360, true, true, 2099.000, 2099.000, 0.000, 0.000, 2090.900, 43.258, 4.501, 42.602, 14.833, 29.300, 318, 1, 1, 314, 631,0,2152959,1868033,91173,1.8929999999999043,"
L_00000392", 80, Branch And Price, 360, true, true, 2104.000, 2104.000, 0.000, 0.000, 2096.400, 62.332, 7.077, 60.872, 35.490, 30.309, 590, 1, 1, 587, 1177,0,2777004,2394965,100261,2.5779999999998284,"
L_00000393", 80, Branch And Price, 360, true, true, 2224.000, 2224.000, 0.000, 0.000, 2206.400, 261.574, 8.649, 254.480, 273.227, 75.013, 4432, 1, 1, 4429, 8861,0,4627543,3665205,712590,3.7579999999996994,"
L_00000394", 80, Branch And Price, 360, true, true, 2573.000, 2573.000, 0.000, 0.000, 2568.300, 6.239, 1.075, 5.923, 2.052, 3.534, 160, 1, 1, 156, 315,0,344217,264768,45064,0.2450000000000002,"
L_00000395", 80, Branch And Price, 360, true, true, 2273.000, 2273.000, 0.000, 0.000, 2260.300, 29.365, 7.300, 28.043, 15.760, 11.883, 459, 1, 1, 455, 913,0,1335631,1111696,82133,1.422999999999954,"
L_00000396", 80, Branch And Price, 360, true, true, 2294.000, 2294.000, 0.000, 0.000, 2283.400, 100.107, 24.216, 97.942, 52.587, 57.153, 1017, 1, 1, 1014, 2031,0,3274929,2779238,240223,2.7389999999998094,"
L_00000397", 80, Branch And Price, 360, true, false, 17600.000, 2265.000, 87.131, 0.000, 2251.500, 1375.855, 2.754, 1373.872, 44.783, 1333.576, 552, 1, 0, 0, 1101,549,8170353,6342865,2052548,9.2890000000003,"
L_00000398", 80, Branch And Price, 360, true, false, 17600.000, 2002.000, 88.625, 0.000, 1984.200, 362.020, 5.722, 358.047, 153.531, 232.762, 1100, 1, 0, 0, 2199,1099,8765403,7685409,643155,7.864000000000959,"
L_00000399", 80, Branch And Price, 360, true, true, 2256.000, 2256.000, 0.000, 0.000, 2241.600, 55.178, 11.509, 53.517, 31.467, 26.382, 698, 1, 1, 690, 1387,0,1991331,1573964,175397,1.500999999999946,"
L_00000400", 90, Branch And Price, 360, true, true, 2730.000, 2730.000, 0.000, 0.000, 2719.000, 77.234, 7.013, 73.516, 47.579, 28.948, 1168, 1, 1, 1159, 2325,0,2599120,2158751,182694,3.1299999999997667,"
L_00000401", 90, Branch And Price, 360, true, true, 2338.000, 2338.000, 0.000, 0.000, 2331.800, 131.716, 45.749, 129.617, 74.628, 67.596, 637, 1, 1, 632, 1269,0,5210632,4575512,120335,5.344000000000117,"
L_00000402", 90, Branch And Price, 360, true, true, 2570.000, 2570.000, 0.000, 0.000, 2565.000, 157.386, 30.849, 152.719, 82.456, 89.021, 1684, 1, 1, 1680, 3363,0,5168291,4512420,200694,6.162000000000386,"
L_00000403", 90, Branch And Price, 360, true, true, 2390.000, 2390.000, 0.000, 0.000, 2389.000, 342.160, 11.550, 340.183, 74.320, 275.186, 709, 1, 1, 706, 1415,0,8643254,7973380,122708,15.226999999997016,"
L_00000404", 90, Branch And Price, 360, true, true, 2728.000, 2728.000, 0.000, 0.000, 2716.800, 118.174, 18.279, 114.539, 68.909, 55.158, 1342, 1, 1, 1334, 2673,0,3595969,3005644,249233,4.02399999999968,"
L_00000405", 90, Branch And Price, 360, true, true, 2669.000, 2669.000, 0.000, 0.000, 2651.900, 204.948, 10.560, 198.648, 137.599, 96.104, 2309, 1, 1, 2304, 4613,0,5451913,4731302,343384,6.3030000000004325,"
L_00000406", 90, Branch And Price, 360, true, true, 2382.000, 2382.000, 0.000, 0.000, 2380.200, 208.243, 75.951, 206.033, 84.943, 136.162, 769, 1, 1, 766, 1535,0,6650873,5764924,190088,5.1800000000000646,"
L_00000407", 90, Branch And Price, 360, true, false, 19800.000, 2641.000, 86.662, 0.000, 2621.100, 1542.166, 29.155, 1542.156, 18.301, 1523.730, 3, 1, 0, 0, 5,2,4931871,4296773,88110,5.679000000000231,"
L_00000408", 90, Branch And Price, 360, true, true, 2536.000, 2536.000, 0.000, 0.000, 2527.600, 196.635, 6.595, 195.218, 20.772, 175.214, 382, 1, 1, 377, 759,0,4700544,4201370,82117,5.854000000000288,"
L_00000409", 90, Branch And Price, 360, true, true, 2526.000, 2526.000, 0.000, 0.000, 2516.600, 110.599, 29.479, 106.911, 49.628, 59.220, 956, 1, 1, 952, 1907,0,3760182,3259825,133870,4.0869999999996995,"
L_00000410", 90, Branch And Price, 360, true, true, 2668.000, 2668.000, 0.000, 0.000, 2650.800, 105.674, 11.275, 103.172, 66.581, 45.517, 750, 1, 1, 747, 1497,0,3821498,3300295,132618,4.792999999999937,"
L_00000411", 90, Branch And Price, 360, true, true, 2505.000, 2505.000, 0.000, 0.000, 2493.500, 324.246, 154.862, 315.834, 183.877, 172.577, 2444, 1, 1, 2439, 4883,0,5016342,4177083,211102,5.522000000000172,"
L_00000412", 90, Branch And Price, 360, true, true, 2549.000, 2549.000, 0.000, 0.000, 2541.900, 34.165, 1.684, 32.286, 21.099, 11.251, 722, 1, 1, 717, 1439,0,1419055,1128469,96996,1.3299999999999654,"
L_00000413", 90, Branch And Price, 360, true, false, 19800.000, 2537.000, 87.187, 0.000, 2528.700, 471.998, 8.302, 470.775, 14.213, 454.707, 262, 1, 0, 0, 523,261,3296071,2886863,73333,2.902999999999792,"
L_00000414", 90, Branch And Price, 360, true, true, 2611.000, 2611.000, 0.000, 0.000, 2610.100, 86.118, 16.716, 81.170, 45.311, 35.888, 1202, 1, 1, 1197, 2399,0,2925382,2420716,135564,3.7379999999997007,"
L_00000415", 90, Branch And Price, 360, true, true, 2612.000, 2612.000, 0.000, 0.000, 2611.200, 19.006, 8.728, 18.135, 7.376, 8.831, 259, 1, 1, 254, 513,0,937981,770618,61525,0.9520000000000007,"
L_00000416", 90, Branch And Price, 360, true, true, 2596.000, 2596.000, 0.000, 0.000, 2593.600, 90.325, 6.072, 88.428, 24.749, 64.610, 559, 1, 1, 556, 1115,0,2848779,2359176,178555,3.327999999999745,"
L_00000417", 90, Branch And Price, 360, true, true, 2467.000, 2467.000, 0.000, 0.000, 2451.700, 141.504, 6.137, 137.823, 61.854, 79.170, 808, 1, 1, 803, 1609,0,5377360,4642655,339700,6.065000000000359,"
L_00000418", 90, Branch And Price, 360, true, false, 19800.000, 2535.000, 87.197, 0.000, 2526.500, 360.434, 118.219, 359.059, 30.347, 332.310, 538, 1, 0, 0, 1071,533,4354695,3712356,369211,3.6179999999997148,
