instName, numOfJobs, numOfThreads, timeLimit, timeCost, feasible, optimal, numOfNodes, globalUB, globalLB, gap,timeOnModel, timeOnOptimize, numOfVariables, numOfConstraints, gurobiModelStatus
L_00000000, 10, 1, 3600.0, 0.058, true, true, 1, 229, 229, 0.000 , 0.018, 0.040, 121, 51, 2
L_00000001, 10, 1, 3600.0, 0.019, true, true, 1, 340, 340, 0.000 , 0.001, 0.018, 121, 51, 2
L_00000002, 10, 1, 3600.0, 0.042, true, true, 1, 254, 254, 0.000 , 0.001, 0.041, 121, 51, 2
L_00000003, 10, 1, 3600.0, 0.086, true, true, 76, 338, 338, 0.000 , 0.001, 0.085, 121, 51, 2
L_00000004, 10, 1, 3600.0, 0.013, true, true, 1, 189, 189, 0.000 , 0.000, 0.013, 121, 51, 2
L_00000005, 10, 1, 3600.0, 0.073, true, true, 1, 307, 307, 0.000 , 0.000, 0.073, 121, 51, 2
L_00000006, 10, 1, 3600.0, 0.040, true, true, 7, 351, 351, 0.000 , 0.001, 0.039, 121, 51, 2
L_00000007, 10, 1, 3600.0, 0.016, true, true, 1, 268, 268, 0.000 , 0.001, 0.015, 121, 51, 2
L_00000008, 10, 1, 3600.0, 0.062, true, true, 6, 247, 247, 0.000 , 0.001, 0.061, 121, 51, 2
L_00000009, 10, 1, 3600.0, 0.038, true, true, 1, 357, 357, 0.000 , 0.001, 0.037, 121, 51, 2
L_00000010, 10, 1, 3600.0, 0.018, true, true, 1, 251, 251, 0.000 , 0.001, 0.017, 121, 51, 2
L_00000011, 10, 1, 3600.0, 0.024, true, true, 1, 300, 300, 0.000 , 0.000, 0.024, 121, 51, 2
L_00000012, 10, 1, 3600.0, 0.037, true, true, 1, 238, 238, 0.000 , 0.001, 0.036, 121, 51, 2
L_00000013, 10, 1, 3600.0, 0.066, true, true, 30, 236, 236, 0.000 , 0.000, 0.066, 121, 51, 2
L_00000014, 10, 1, 3600.0, 0.017, true, true, 1, 240, 240, 0.000 , 0.001, 0.016, 121, 51, 2
L_00000015, 10, 1, 3600.0, 0.034, true, true, 1, 226, 226, 0.000 , 0.001, 0.033, 121, 51, 2
L_00000016, 10, 1, 3600.0, 0.031, true, true, 1, 279, 279, 0.000 , 0.001, 0.030, 121, 51, 2
L_00000017, 10, 1, 3600.0, 0.023, true, true, 1, 367, 367, 0.000 , 0.001, 0.022, 121, 51, 2
L_00000018, 10, 1, 3600.0, 0.029, true, true, 1, 285, 285, 0.000 , 0.001, 0.028, 121, 51, 2
L_00000019, 10, 1, 3600.0, 0.044, true, true, 1, 264, 264, 0.000 , 0.001, 0.043, 121, 51, 2
L_00000020, 10, 1, 3600.0, 0.014, true, true, 1, 196, 196, 0.000 , 0.001, 0.013, 121, 51, 2
L_00000021, 10, 1, 3600.0, 0.064, true, true, 3, 322, 322, 0.000 , 0.001, 0.063, 121, 51, 2
L_00000022, 10, 1, 3600.0, 0.056, true, true, 11, 257, 257, 0.000 , 0.001, 0.055, 121, 51, 2
L_00000023, 10, 1, 3600.0, 0.026, true, true, 1, 336, 336, 0.000 , 0.000, 0.026, 121, 51, 2
L_00000024, 10, 1, 3600.0, 0.056, true, true, 7, 263, 263, 0.000 , 0.000, 0.056, 121, 51, 2
L_00000025, 10, 1, 3600.0, 0.024, true, true, 1, 273, 273, 0.000 , 0.000, 0.024, 121, 51, 2
L_00000026, 10, 1, 3600.0, 0.044, true, true, 24, 323, 323, 0.000 , 0.001, 0.043, 121, 51, 2
L_00000027, 10, 1, 3600.0, 0.011, true, true, 1, 193, 193, 0.000 , 0.000, 0.011, 121, 51, 2
L_00000028, 10, 1, 3600.0, 0.058, true, true, 20, 252, 252, 0.000 , 0.001, 0.057, 121, 51, 2
L_00000029, 10, 1, 3600.0, 0.061, true, true, 1, 265, 265, 0.000 , 0.000, 0.061, 121, 51, 2
L_00000030, 10, 1, 3600.0, 0.053, true, true, 5, 311, 311, 0.000 , 0.001, 0.052, 121, 51, 2
L_00000031, 10, 1, 3600.0, 0.033, true, true, 1, 309, 309, 0.000 , 0.000, 0.033, 121, 51, 2
L_00000032, 10, 1, 3600.0, 0.019, true, true, 1, 373, 373, 0.000 , 0.000, 0.019, 121, 51, 2
L_00000033, 10, 1, 3600.0, 0.051, true, true, 1, 240, 240, 0.000 , 0.000, 0.051, 121, 51, 2
L_00000034, 10, 1, 3600.0, 0.012, true, true, 1, 182, 182, 0.000 , 0.000, 0.012, 121, 51, 2
L_00000035, 10, 1, 3600.0, 0.022, true, true, 1, 320, 320, 0.000 , 0.000, 0.022, 121, 51, 2
L_00000036, 10, 1, 3600.0, 0.017, true, true, 1, 265, 265, 0.000 , 0.000, 0.017, 121, 51, 2
L_00000037, 10, 1, 3600.0, 0.029, true, true, 1, 269, 269, 0.000 , 0.000, 0.029, 121, 51, 2
L_00000038, 10, 1, 3600.0, 0.081, true, true, 19, 229, 229, 0.000 , 0.001, 0.080, 121, 51, 2
L_00000039, 10, 1, 3600.0, 0.084, true, true, 60, 301, 301, 0.000 , 0.001, 0.083, 121, 51, 2
L_00000040, 10, 1, 3600.0, 0.020, true, true, 1, 253, 253, 0.000 , 0.000, 0.020, 121, 51, 2
L_00000041, 10, 1, 3600.0, 0.053, true, true, 3, 287, 287, 0.000 , 0.001, 0.052, 121, 51, 2
L_00000042, 10, 1, 3600.0, 0.067, true, true, 10, 311, 311, 0.000 , 0.001, 0.066, 121, 51, 2
L_00000043, 10, 1, 3600.0, 0.017, true, true, 1, 236, 236, 0.000 , 0.000, 0.017, 121, 51, 2
L_00000044, 10, 1, 3600.0, 0.039, true, true, 3, 302, 302, 0.000 , 0.000, 0.039, 121, 51, 2
L_00000045, 10, 1, 3600.0, 0.051, true, true, 7, 262, 262, 0.000 , 0.001, 0.050, 121, 51, 2
L_00000046, 10, 1, 3600.0, 0.007, true, true, 1, 171, 171, 0.000 , 0.000, 0.007, 121, 51, 2
L_00000047, 10, 1, 3600.0, 0.008, true, true, 1, 189, 189, 0.000 , 0.000, 0.008, 121, 51, 2
L_00000048, 10, 1, 3600.0, 0.021, true, true, 1, 310, 310, 0.000 , 0.001, 0.020, 121, 51, 2
L_00000049, 10, 1, 3600.0, 0.026, true, true, 1, 274, 274, 0.000 , 0.000, 0.026, 121, 51, 2
L_00000050, 20, 1, 3600.0, 0.145, true, true, 10, 468, 468, 0.000 , 0.001, 0.144, 441, 101, 2
L_00000051, 20, 1, 3600.0, 0.093, true, true, 6, 315, 315, 0.000 , 0.001, 0.092, 441, 101, 2
L_00000052, 20, 1, 3600.0, 0.169, true, true, 38, 445, 445, 0.000 , 0.001, 0.168, 441, 101, 2
L_00000053, 20, 1, 3600.0, 0.193, true, true, 6, 572, 572, 0.000 , 0.002, 0.191, 441, 101, 2
L_00000054, 20, 1, 3600.0, 0.130, true, true, 6, 519, 519, 0.000 , 0.001, 0.129, 441, 101, 2
L_00000055, 20, 1, 3600.0, 0.168, true, true, 6, 540, 540, 0.000 , 0.001, 0.167, 441, 101, 2
L_00000056, 20, 1, 3600.0, 0.176, true, true, 11, 484, 484, 0.000 , 0.001, 0.175, 441, 101, 2
L_00000057, 20, 1, 3600.0, 2.738, true, true, 4630, 673, 673, 0.000 , 0.001, 2.737, 441, 101, 2
L_00000058, 20, 1, 3600.0, 0.141, true, true, 6, 545, 545, 0.000 , 0.001, 0.140, 441, 101, 2
L_00000059, 20, 1, 3600.0, 0.141, true, true, 7, 524, 524, 0.000 , 0.001, 0.140, 441, 101, 2
L_00000060, 20, 1, 3600.0, 0.158, true, true, 6, 552, 552, 0.000 , 0.001, 0.157, 441, 101, 2
L_00000061, 20, 1, 3600.0, 0.166, true, true, 6, 549, 549, 0.000 , 0.001, 0.165, 441, 101, 2
L_00000062, 20, 1, 3600.0, 0.176, true, true, 6, 567, 567, 0.000 , 0.001, 0.175, 441, 101, 2
L_00000063, 20, 1, 3600.0, 0.157, true, true, 6, 525, 525, 0.000 , 0.001, 0.156, 441, 101, 2
L_00000064, 20, 1, 3600.0, 0.162, true, true, 6, 624, 624, 0.000 , 0.001, 0.161, 441, 101, 2
L_00000065, 20, 1, 3600.0, 0.139, true, true, 6, 551, 551, 0.000 , 0.001, 0.138, 441, 101, 2
L_00000066, 20, 1, 3600.0, 0.197, true, true, 6, 555, 555, 0.000 , 0.002, 0.195, 441, 101, 2
L_00000067, 20, 1, 3600.0, 0.161, true, true, 6, 588, 588, 0.000 , 0.001, 0.160, 441, 101, 2
L_00000068, 20, 1, 3600.0, 0.128, true, true, 4, 402, 402, 0.000 , 0.002, 0.126, 441, 101, 2
L_00000069, 20, 1, 3600.0, 0.075, true, true, 1, 359, 359, 0.000 , 0.002, 0.073, 441, 101, 2
L_00000070, 20, 1, 3600.0, 0.124, true, true, 6, 511, 511, 0.000 , 0.001, 0.123, 441, 101, 2
L_00000071, 20, 1, 3600.0, 0.152, true, true, 6, 516, 516, 0.000 , 0.001, 0.151, 441, 101, 2
L_00000072, 20, 1, 3600.0, 0.183, true, true, 6, 492, 492, 0.000 , 0.001, 0.182, 441, 101, 2
L_00000073, 20, 1, 3600.0, 0.191, true, true, 6, 555, 555, 0.000 , 0.009, 0.182, 441, 101, 2
L_00000074, 20, 1, 3600.0, 0.167, true, true, 10, 588, 588, 0.000 , 0.001, 0.166, 441, 101, 2
L_00000075, 20, 1, 3600.0, 0.169, true, true, 6, 500, 500, 0.000 , 0.001, 0.168, 441, 101, 2
L_00000076, 20, 1, 3600.0, 5.104, true, true, 7152, 453, 453, 0.000 , 0.000, 5.104, 441, 101, 2
L_00000077, 20, 1, 3600.0, 0.184, true, true, 6, 530, 530, 0.000 , 0.001, 0.183, 441, 101, 2
L_00000078, 20, 1, 3600.0, 0.141, true, true, 6, 614, 614, 0.000 , 0.001, 0.140, 441, 101, 2
L_00000079, 20, 1, 3600.0, 0.164, true, true, 1, 595, 595, 0.000 , 0.002, 0.162, 441, 101, 2
L_00000080, 20, 1, 3600.0, 0.184, true, true, 6, 527, 527, 0.000 , 0.001, 0.183, 441, 101, 2
L_00000081, 20, 1, 3600.0, 0.145, true, true, 6, 543, 543, 0.000 , 0.001, 0.144, 441, 101, 2
L_00000082, 20, 1, 3600.0, 0.194, true, true, 6, 619, 619, 0.000 , 0.001, 0.193, 441, 101, 2
L_00000083, 20, 1, 3600.0, 0.154, true, true, 6, 518, 518, 0.000 , 0.001, 0.153, 441, 101, 2
L_00000084, 20, 1, 3600.0, 0.127, true, true, 6, 537, 537, 0.000 , 0.001, 0.126, 441, 101, 2
L_00000085, 20, 1, 3600.0, 0.164, true, true, 6, 480, 480, 0.000 , 0.001, 0.163, 441, 101, 2
L_00000086, 20, 1, 3600.0, 0.147, true, true, 6, 517, 517, 0.000 , 0.001, 0.146, 441, 101, 2
L_00000087, 20, 1, 3600.0, 1.911, true, true, 1915, 449, 449, 0.000 , 0.001, 1.910, 441, 101, 2
L_00000088, 20, 1, 3600.0, 0.204, true, true, 6, 594, 594, 0.000 , 0.002, 0.202, 441, 101, 2
L_00000089, 20, 1, 3600.0, 0.191, true, true, 6, 615, 615, 0.000 , 0.001, 0.190, 441, 101, 2
L_00000090, 20, 1, 3600.0, 0.186, true, true, 6, 512, 512, 0.000 , 0.001, 0.185, 441, 101, 2
L_00000091, 20, 1, 3600.0, 0.144, true, true, 6, 516, 516, 0.000 , 0.001, 0.143, 441, 101, 2
L_00000092, 20, 1, 3600.0, 0.142, true, true, 6, 538, 538, 0.000 , 0.002, 0.140, 441, 101, 2
L_00000093, 20, 1, 3600.0, 0.159, true, true, 6, 516, 516, 0.000 , 0.001, 0.158, 441, 101, 2
L_00000094, 20, 1, 3600.0, 0.141, true, true, 6, 615, 615, 0.000 , 0.001, 0.140, 441, 101, 2
L_00000095, 20, 1, 3600.0, 0.433, true, true, 195, 672, 672, 0.000 , 0.001, 0.432, 441, 101, 2
L_00000096, 20, 1, 3600.0, 0.150, true, true, 6, 580, 580, 0.000 , 0.001, 0.149, 441, 101, 2
L_00000097, 20, 1, 3600.0, 0.162, true, true, 8, 723, 723, 0.000 , 0.001, 0.161, 441, 101, 2
L_00000098, 20, 1, 3600.0, 0.024, true, true, 1, 633, 633, 0.000 , 0.001, 0.023, 441, 101, 2
L_00000099, 20, 1, 3600.0, 0.172, true, true, 8, 451, 451, 0.000 , 0.000, 0.172, 441, 101, 2
L_00000100, 30, 1, 3600.0, 0.051, true, true, 1, 858, 858, 0.000 , 0.001, 0.050, 961, 151, 2
L_00000101, 30, 1, 3600.0, 0.058, true, true, 1, 855, 855, 0.000 , 0.002, 0.056, 961, 151, 2
L_00000102, 30, 1, 3600.0, 0.356, true, true, 10, 936, 936, 0.000 , 0.002, 0.354, 961, 151, 2
L_00000103, 30, 1, 3600.0, 0.350, true, true, 10, 893, 893, 0.000 , 0.001, 0.349, 961, 151, 2
L_00000104, 30, 1, 3600.0, 0.346, true, true, 13, 726, 726, 0.000 , 0.002, 0.344, 961, 151, 2
L_00000105, 30, 1, 3600.0, 0.301, true, true, 9, 834, 834, 0.000 , 0.002, 0.299, 961, 151, 2
L_00000106, 30, 1, 3600.0, 0.288, true, true, 9, 843, 843, 0.000 , 0.001, 0.287, 961, 151, 2
L_00000107, 30, 1, 3600.0, 0.347, true, true, 10, 933, 933, 0.000 , 0.001, 0.346, 961, 151, 2
L_00000108, 30, 1, 3600.0, 0.382, true, true, 8, 805, 805, 0.000 , 0.001, 0.381, 961, 151, 2
L_00000109, 30, 1, 3600.0, 0.666, true, true, 130, 897, 897, 0.000 , 0.002, 0.664, 961, 151, 2
L_00000110, 30, 1, 3600.0, 0.357, true, true, 11, 783, 783, 0.000 , 0.001, 0.356, 961, 151, 2
L_00000111, 30, 1, 3600.0, 0.334, true, true, 8, 807, 807, 0.000 , 0.002, 0.332, 961, 151, 2
L_00000112, 30, 1, 3600.0, 0.428, true, true, 8, 758, 758, 0.000 , 0.001, 0.427, 961, 151, 2
L_00000113, 30, 1, 3600.0, 0.326, true, true, 9, 782, 782, 0.000 , 0.002, 0.324, 961, 151, 2
L_00000114, 30, 1, 3600.0, 0.466, true, true, 33, 987, 987, 0.000 , 0.001, 0.465, 961, 151, 2
L_00000115, 30, 1, 3600.0, 0.336, true, true, 8, 813, 813, 0.000 , 0.002, 0.334, 961, 151, 2
L_00000116, 30, 1, 3600.0, 0.354, true, true, 8, 784, 784, 0.000 , 0.001, 0.353, 961, 151, 2
L_00000117, 30, 1, 3600.0, 0.385, true, true, 32, 900, 900, 0.000 , 0.001, 0.384, 961, 151, 2
L_00000118, 30, 1, 3600.0, 0.551, true, true, 29, 850, 850, 0.000 , 0.001, 0.550, 961, 151, 2
L_00000119, 30, 1, 3600.0, 0.484, true, true, 32, 932, 932, 0.000 , 0.002, 0.482, 961, 151, 2
L_00000120, 30, 1, 3600.0, 0.317, true, true, 11, 1079, 1079, 0.000 , 0.001, 0.316, 961, 151, 2
L_00000121, 30, 1, 3600.0, 0.339, true, true, 8, 817, 817, 0.000 , 0.001, 0.338, 961, 151, 2
L_00000122, 30, 1, 3600.0, 0.296, true, true, 9, 743, 743, 0.000 , 0.001, 0.295, 961, 151, 2
L_00000123, 30, 1, 3600.0, 0.349, true, true, 8, 810, 810, 0.000 , 0.001, 0.348, 961, 151, 2
L_00000124, 30, 1, 3600.0, 0.343, true, true, 8, 809, 809, 0.000 , 0.002, 0.341, 961, 151, 2
L_00000125, 30, 1, 3600.0, 0.347, true, true, 8, 847, 847, 0.000 , 0.002, 0.345, 961, 151, 2
L_00000126, 30, 1, 3600.0, 0.293, true, true, 9, 811, 811, 0.000 , 0.001, 0.292, 961, 151, 2
L_00000127, 30, 1, 3600.0, 0.450, true, true, 31, 915, 915, 0.000 , 0.001, 0.449, 961, 151, 2
L_00000128, 30, 1, 3600.0, 0.294, true, true, 9, 823, 823, 0.000 , 0.001, 0.293, 961, 151, 2
L_00000129, 30, 1, 3600.0, 0.339, true, true, 9, 828, 828, 0.000 , 0.002, 0.337, 961, 151, 2
L_00000130, 30, 1, 3600.0, 0.346, true, true, 8, 833, 833, 0.000 , 0.002, 0.344, 961, 151, 2
L_00000131, 30, 1, 3600.0, 0.363, true, true, 10, 1044, 1044, 0.000 , 0.001, 0.362, 961, 151, 2
L_00000132, 30, 1, 3600.0, 0.380, true, true, 11, 850, 850, 0.000 , 0.002, 0.378, 961, 151, 2
L_00000133, 30, 1, 3600.0, 0.465, true, true, 17, 820, 820, 0.000 , 0.001, 0.464, 961, 151, 2
L_00000134, 30, 1, 3600.0, 0.376, true, true, 10, 886, 886, 0.000 , 0.002, 0.374, 961, 151, 2
L_00000135, 30, 1, 3600.0, 0.717, true, true, 394, 961, 961, 0.000 , 0.002, 0.715, 961, 151, 2
L_00000136, 30, 1, 3600.0, 0.370, true, true, 8, 832, 832, 0.000 , 0.001, 0.369, 961, 151, 2
L_00000137, 30, 1, 3600.0, 0.375, true, true, 8, 801, 801, 0.000 , 0.001, 0.374, 961, 151, 2
L_00000138, 30, 1, 3600.0, 0.333, true, true, 9, 838, 838, 0.000 , 0.001, 0.332, 961, 151, 2
L_00000139, 30, 1, 3600.0, 0.581, true, true, 33, 908, 908, 0.000 , 0.002, 0.579, 961, 151, 2
L_00000140, 30, 1, 3600.0, 0.281, true, true, 9, 834, 834, 0.000 , 0.002, 0.279, 961, 151, 2
L_00000141, 30, 1, 3600.0, 0.364, true, true, 8, 680, 680, 0.000 , 0.002, 0.362, 961, 151, 2
L_00000142, 30, 1, 3600.0, 0.339, true, true, 8, 713, 713, 0.000 , 0.002, 0.337, 961, 151, 2
L_00000143, 30, 1, 3600.0, 0.323, true, true, 9, 755, 755, 0.000 , 0.001, 0.322, 961, 151, 2
L_00000144, 30, 1, 3600.0, 0.349, true, true, 8, 775, 775, 0.000 , 0.001, 0.348, 961, 151, 2
L_00000145, 30, 1, 3600.0, 0.348, true, true, 8, 789, 789, 0.000 , 0.001, 0.347, 961, 151, 2
L_00000146, 30, 1, 3600.0, 0.477, true, true, 8, 836, 836, 0.000 , 0.002, 0.475, 961, 151, 2
L_00000147, 30, 1, 3600.0, 0.401, true, true, 8, 772, 772, 0.000 , 0.003, 0.398, 961, 151, 2
L_00000148, 30, 1, 3600.0, 0.354, true, true, 8, 825, 825, 0.000 , 0.001, 0.353, 961, 151, 2
L_00000149, 30, 1, 3600.0, 0.307, true, true, 9, 814, 814, 0.000 , 0.002, 0.305, 961, 151, 2
L_00000150, 40, 1, 3600.0, 0.572, true, true, 13, 1220, 1220, 0.000 , 0.003, 0.569, 1681, 201, 2
L_00000151, 40, 1, 3600.0, 0.682, true, true, 34, 1140, 1140, 0.000 , 0.002, 0.680, 1681, 201, 2
L_00000152, 40, 1, 3600.0, 0.880, true, true, 32, 1049, 1049, 0.000 , 0.002, 0.878, 1681, 201, 2
L_00000153, 40, 1, 3600.0, 0.670, true, true, 12, 1151, 1151, 0.000 , 0.004, 0.666, 1681, 201, 2
L_00000154, 40, 1, 3600.0, 0.573, true, true, 20, 988, 988, 0.000 , 0.002, 0.571, 1681, 201, 2
L_00000155, 40, 1, 3600.0, 0.590, true, true, 13, 1186, 1186, 0.000 , 0.003, 0.587, 1681, 201, 2
L_00000156, 40, 1, 3600.0, 0.991, true, true, 35, 1162, 1162, 0.000 , 0.002, 0.989, 1681, 201, 2
L_00000157, 40, 1, 3600.0, 0.819, true, true, 32, 1247, 1247, 0.000 , 0.003, 0.816, 1681, 201, 2
L_00000158, 40, 1, 3600.0, 0.972, true, true, 35, 1174, 1174, 0.000 , 0.003, 0.969, 1681, 201, 2
L_00000159, 40, 1, 3600.0, 0.692, true, true, 28, 1198, 1198, 0.000 , 0.003, 0.689, 1681, 201, 2
L_00000160, 40, 1, 3600.0, 1.097, true, true, 97, 1323, 1323, 0.000 , 0.003, 1.094, 1681, 201, 2
L_00000161, 40, 1, 3600.0, 0.634, true, true, 10, 1024, 1024, 0.000 , 0.003, 0.631, 1681, 201, 2
L_00000162, 40, 1, 3600.0, 0.665, true, true, 23, 1133, 1133, 0.000 , 0.002, 0.663, 1681, 201, 2
L_00000163, 40, 1, 3600.0, 0.808, true, true, 112, 1130, 1130, 0.000 , 0.003, 0.805, 1681, 201, 2
L_00000164, 40, 1, 3600.0, 0.527, true, true, 13, 1158, 1158, 0.000 , 0.003, 0.524, 1681, 201, 2
L_00000165, 40, 1, 3600.0, 0.677, true, true, 12, 1117, 1117, 0.000 , 0.003, 0.674, 1681, 201, 2
L_00000166, 40, 1, 3600.0, 0.705, true, true, 31, 1055, 1055, 0.000 , 0.003, 0.702, 1681, 201, 2
L_00000167, 40, 1, 3600.0, 0.668, true, true, 12, 1286, 1286, 0.000 , 0.002, 0.666, 1681, 201, 2
L_00000168, 40, 1, 3600.0, 1.731, true, true, 188, 1246, 1246, 0.000 , 0.002, 1.729, 1681, 201, 2
L_00000169, 40, 1, 3600.0, 0.639, true, true, 10, 1044, 1044, 0.000 , 0.003, 0.636, 1681, 201, 2
L_00000170, 40, 1, 3600.0, 0.674, true, true, 11, 1022, 1022, 0.000 , 0.002, 0.672, 1681, 201, 2
L_00000171, 40, 1, 3600.0, 0.099, true, true, 1, 1079, 1079, 0.000 , 0.003, 0.096, 1681, 201, 2
L_00000172, 40, 1, 3600.0, 0.693, true, true, 35, 1176, 1176, 0.000 , 0.003, 0.690, 1681, 201, 2
L_00000173, 40, 1, 3600.0, 0.084, true, true, 1, 1074, 1074, 0.000 , 0.002, 0.082, 1681, 201, 2
L_00000174, 40, 1, 3600.0, 1.106, true, true, 32, 1111, 1111, 0.000 , 0.003, 1.103, 1681, 201, 2
L_00000175, 40, 1, 3600.0, 0.695, true, true, 12, 1113, 1113, 0.000 , 0.002, 0.693, 1681, 201, 2
L_00000176, 40, 1, 3600.0, 0.601, true, true, 11, 1005, 1005, 0.000 , 0.003, 0.598, 1681, 201, 2
L_00000177, 40, 1, 3600.0, 0.588, true, true, 13, 1181, 1181, 0.000 , 0.002, 0.586, 1681, 201, 2
L_00000178, 40, 1, 3600.0, 1.388, true, true, 83, 1139, 1139, 0.000 , 0.002, 1.386, 1681, 201, 2
L_00000179, 40, 1, 3600.0, 0.597, true, true, 13, 1203, 1203, 0.000 , 0.002, 0.595, 1681, 201, 2
L_00000180, 40, 1, 3600.0, 0.623, true, true, 10, 1058, 1058, 0.000 , 0.002, 0.621, 1681, 201, 2
L_00000181, 40, 1, 3600.0, 0.788, true, true, 13, 1290, 1290, 0.000 , 0.003, 0.785, 1681, 201, 2
L_00000182, 40, 1, 3600.0, 0.659, true, true, 13, 1238, 1238, 0.000 , 0.003, 0.656, 1681, 201, 2
L_00000183, 40, 1, 3600.0, 0.734, true, true, 73, 1109, 1109, 0.000 , 0.003, 0.731, 1681, 201, 2
L_00000184, 40, 1, 3600.0, 0.617, true, true, 11, 1062, 1062, 0.000 , 0.002, 0.615, 1681, 201, 2
L_00000185, 40, 1, 3600.0, 0.557, true, true, 11, 1047, 1047, 0.000 , 0.002, 0.555, 1681, 201, 2
L_00000186, 40, 1, 3600.0, 0.609, true, true, 11, 1025, 1025, 0.000 , 0.002, 0.607, 1681, 201, 2
L_00000187, 40, 1, 3600.0, 0.607, true, true, 10, 967, 967, 0.000 , 0.003, 0.604, 1681, 201, 2
L_00000188, 40, 1, 3600.0, 1.005, true, true, 37, 1138, 1138, 0.000 , 0.003, 1.002, 1681, 201, 2
L_00000189, 40, 1, 3600.0, 2.411, true, true, 533, 1171, 1171, 0.000 , 0.003, 2.408, 1681, 201, 2
L_00000190, 40, 1, 3600.0, 0.601, true, true, 1, 1075, 1075, 0.000 , 0.003, 0.598, 1681, 201, 2
L_00000191, 40, 1, 3600.0, 0.855, true, true, 10, 1000, 1000, 0.000 , 0.003, 0.852, 1681, 201, 2
L_00000192, 40, 1, 3600.0, 0.706, true, true, 12, 1197, 1197, 0.000 , 0.002, 0.704, 1681, 201, 2
L_00000193, 40, 1, 3600.0, 0.603, true, true, 13, 1224, 1224, 0.000 , 0.003, 0.600, 1681, 201, 2
L_00000194, 40, 1, 3600.0, 0.728, true, true, 36, 1170, 1170, 0.000 , 0.002, 0.726, 1681, 201, 2
L_00000195, 40, 1, 3600.0, 0.704, true, true, 10, 939, 939, 0.000 , 0.002, 0.702, 1681, 201, 2
L_00000196, 40, 1, 3600.0, 1.201, true, true, 58, 1126, 1126, 0.000 , 0.002, 1.199, 1681, 201, 2
L_00000197, 40, 1, 3600.0, 0.626, true, true, 10, 1015, 1015, 0.000 , 0.003, 0.623, 1681, 201, 2
L_00000198, 40, 1, 3600.0, 0.661, true, true, 13, 1236, 1236, 0.000 , 0.002, 0.659, 1681, 201, 2
L_00000199, 40, 1, 3600.0, 0.678, true, true, 13, 1200, 1200, 0.000 , 0.003, 0.675, 1681, 201, 2
L_00000200, 50, 1, 3600.0, 2.529, true, true, 160, 1593, 1593, 0.000 , 0.003, 2.526, 2601, 251, 2
L_00000201, 50, 1, 3600.0, 1.262, true, true, 30, 1545, 1545, 0.000 , 0.005, 1.257, 2601, 251, 2
L_00000202, 50, 1, 3600.0, 0.887, true, true, 24, 1276, 1276, 0.000 , 0.004, 0.883, 2601, 251, 2
L_00000203, 50, 1, 3600.0, 0.870, true, true, 22, 1450, 1450, 0.000 , 0.004, 0.866, 2601, 251, 2
L_00000204, 50, 1, 3600.0, 0.867, true, true, 15, 1505, 1505, 0.000 , 0.003, 0.864, 2601, 251, 2
L_00000205, 50, 1, 3600.0, 2.088, true, true, 579, 1385, 1385, 0.000 , 0.004, 2.084, 2601, 251, 2
L_00000206, 50, 1, 3600.0, 0.791, true, true, 17, 1606, 1606, 0.000 , 0.006, 0.785, 2601, 251, 2
L_00000207, 50, 1, 3600.0, 1.356, true, true, 19, 1348, 1348, 0.000 , 0.003, 1.353, 2601, 251, 2
L_00000208, 50, 1, 3600.0, 0.958, true, true, 13, 1219, 1219, 0.000 , 0.008, 0.950, 2601, 251, 2
L_00000209, 50, 1, 3600.0, 1.404, true, true, 15, 1239, 1239, 0.000 , 0.004, 1.400, 2601, 251, 2
L_00000210, 50, 1, 3600.0, 0.919, true, true, 15, 1501, 1501, 0.000 , 0.005, 0.914, 2601, 251, 2
L_00000211, 50, 1, 3600.0, 1.159, true, true, 13, 1214, 1214, 0.000 , 0.003, 1.156, 2601, 251, 2
L_00000212, 50, 1, 3600.0, 6.892, true, true, 251, 1389, 1389, 0.000 , 0.003, 6.889, 2601, 251, 2
L_00000213, 50, 1, 3600.0, 1.264, true, true, 15, 1459, 1459, 0.000 , 0.004, 1.260, 2601, 251, 2
L_00000214, 50, 1, 3600.0, 1.460, true, true, 46, 1367, 1367, 0.000 , 0.004, 1.456, 2601, 251, 2
L_00000215, 50, 1, 3600.0, 2.148, true, true, 175, 1551, 1551, 0.000 , 0.004, 2.144, 2601, 251, 2
L_00000216, 50, 1, 3600.0, 0.886, true, true, 13, 1299, 1299, 0.000 , 0.007, 0.879, 2601, 251, 2
L_00000217, 50, 1, 3600.0, 0.975, true, true, 25, 1448, 1448, 0.000 , 0.004, 0.971, 2601, 251, 2
L_00000218, 50, 1, 3600.0, 0.992, true, true, 26, 1552, 1552, 0.000 , 0.004, 0.988, 2601, 251, 2
L_00000219, 50, 1, 3600.0, 1.082, true, true, 25, 1433, 1433, 0.000 , 0.004, 1.078, 2601, 251, 2
L_00000220, 50, 1, 3600.0, 1.140, true, true, 15, 1492, 1492, 0.000 , 0.003, 1.137, 2601, 251, 2
L_00000221, 50, 1, 3600.0, 1.963, true, true, 134, 1556, 1556, 0.000 , 0.006, 1.957, 2601, 251, 2
L_00000222, 50, 1, 3600.0, 1.729, true, true, 49, 1368, 1368, 0.000 , 0.005, 1.724, 2601, 251, 2
L_00000223, 50, 1, 3600.0, 1.304, true, true, 66, 1370, 1370, 0.000 , 0.005, 1.299, 2601, 251, 2
L_00000224, 50, 1, 3600.0, 12.153, true, true, 512, 1520, 1520, 0.000 , 0.005, 12.148, 2601, 251, 2
L_00000225, 50, 1, 3600.0, 1.585, true, true, 15, 1502, 1502, 0.000 , 0.005, 1.580, 2601, 251, 2
L_00000226, 50, 1, 3600.0, 1.107, true, true, 13, 1280, 1280, 0.000 , 0.004, 1.103, 2601, 251, 2
L_00000227, 50, 1, 3600.0, 2.198, true, true, 59, 1623, 1623, 0.000 , 0.004, 2.194, 2601, 251, 2
L_00000228, 50, 1, 3600.0, 1.230, true, true, 15, 1356, 1356, 0.000 , 0.003, 1.227, 2601, 251, 2
L_00000229, 50, 1, 3600.0, 2.510, true, true, 102, 1394, 1394, 0.000 , 0.006, 2.504, 2601, 251, 2
L_00000230, 50, 1, 3600.0, 1.067, true, true, 15, 1415, 1415, 0.000 , 0.004, 1.063, 2601, 251, 2
L_00000231, 50, 1, 3600.0, 1.072, true, true, 13, 1157, 1157, 0.000 , 0.004, 1.068, 2601, 251, 2
L_00000232, 50, 1, 3600.0, 0.607, true, true, 1, 1291, 1291, 0.000 , 0.004, 0.603, 2601, 251, 2
L_00000233, 50, 1, 3600.0, 0.944, true, true, 13, 1247, 1247, 0.000 , 0.004, 0.940, 2601, 251, 2
L_00000234, 50, 1, 3600.0, 1.146, true, true, 20, 1581, 1581, 0.000 , 0.004, 1.142, 2601, 251, 2
L_00000235, 50, 1, 3600.0, 1.263, true, true, 18, 1246, 1246, 0.000 , 0.006, 1.257, 2601, 251, 2
L_00000236, 50, 1, 3600.0, 0.914, true, true, 15, 1431, 1431, 0.000 , 0.004, 0.910, 2601, 251, 2
L_00000237, 50, 1, 3600.0, 1.177, true, true, 402, 1357, 1357, 0.000 , 0.004, 1.173, 2601, 251, 2
L_00000238, 50, 1, 3600.0, 0.991, true, true, 22, 1361, 1361, 0.000 , 0.005, 0.986, 2601, 251, 2
L_00000239, 50, 1, 3600.0, 1.005, true, true, 15, 1480, 1480, 0.000 , 0.004, 1.001, 2601, 251, 2
L_00000240, 50, 1, 3600.0, 0.910, true, true, 15, 1492, 1492, 0.000 , 0.004, 0.906, 2601, 251, 2
L_00000241, 50, 1, 3600.0, 1.120, true, true, 15, 1469, 1469, 0.000 , 0.004, 1.116, 2601, 251, 2
L_00000242, 50, 1, 3600.0, 0.985, true, true, 15, 1393, 1393, 0.000 , 0.005, 0.980, 2601, 251, 2
L_00000243, 50, 1, 3600.0, 1.003, true, true, 15, 1484, 1484, 0.000 , 0.004, 0.999, 2601, 251, 2
L_00000244, 50, 1, 3600.0, 2.529, true, true, 112, 1355, 1355, 0.000 , 0.005, 2.524, 2601, 251, 2
L_00000245, 50, 1, 3600.0, 2.076, true, true, 57, 1436, 1436, 0.000 , 0.006, 2.070, 2601, 251, 2
L_00000246, 50, 1, 3600.0, 0.908, true, true, 1, 1518, 1518, 0.000 , 0.005, 0.903, 2601, 251, 2
L_00000247, 50, 1, 3600.0, 5.541, true, true, 278, 1554, 1554, 0.000 , 0.004, 5.537, 2601, 251, 2
L_00000248, 50, 1, 3600.0, 0.909, true, true, 15, 1491, 1491, 0.000 , 0.005, 0.904, 2601, 251, 2
L_00000249, 50, 1, 3600.0, 0.721, true, true, 15, 1448, 1448, 0.000 , 0.004, 0.717, 2601, 251, 2
L_00000250, 60, 1, 3600.0, 2.561, true, true, 34, 1891, 1891, 0.000 , 0.005, 2.556, 3721, 301, 2
L_00000251, 60, 1, 3600.0, 1.412, true, true, 17, 1618, 1618, 0.000 , 0.007, 1.405, 3721, 301, 2
L_00000252, 60, 1, 3600.0, 2.272, true, true, 35, 1653, 1653, 0.000 , 0.007, 2.265, 3721, 301, 2
L_00000253, 60, 1, 3600.0, 2.942, true, true, 47, 1575, 1575, 0.000 , 0.007, 2.935, 3721, 301, 2
L_00000254, 60, 1, 3600.0, 1.618, true, true, 22, 1937, 1937, 0.000 , 0.006, 1.612, 3721, 301, 2
L_00000255, 60, 1, 3600.0, 2.027, true, true, 24, 1631, 1631, 0.000 , 0.005, 2.022, 3721, 301, 2
L_00000256, 60, 1, 3600.0, 2.420, true, true, 25, 1647, 1647, 0.000 , 0.006, 2.414, 3721, 301, 2
L_00000257, 60, 1, 3600.0, 2.233, true, true, 29, 1797, 1797, 0.000 , 0.005, 2.228, 3721, 301, 2
L_00000258, 60, 1, 3600.0, 1.616, true, true, 17, 1635, 1635, 0.000 , 0.006, 1.610, 3721, 301, 2
L_00000259, 60, 1, 3600.0, 1.632, true, true, 15, 1499, 1499, 0.000 , 0.006, 1.626, 3721, 301, 2
L_00000260, 60, 1, 3600.0, 4.947, true, true, 65, 1670, 1670, 0.000 , 0.008, 4.939, 3721, 301, 2
L_00000261, 60, 1, 3600.0, 18.669, true, true, 304, 1793, 1793, 0.000 , 0.005, 18.664, 3721, 301, 2
L_00000262, 60, 1, 3600.0, 1.404, true, true, 17, 1672, 1672, 0.000 , 0.007, 1.397, 3721, 301, 2
L_00000263, 60, 1, 3600.0, 3.718, true, true, 52, 1614, 1614, 0.000 , 0.006, 3.712, 3721, 301, 2
L_00000264, 60, 1, 3600.0, 1.196, true, true, 17, 1637, 1637, 0.000 , 0.008, 1.188, 3721, 301, 2
L_00000265, 60, 1, 3600.0, 5.404, true, true, 77, 1813, 1813, 0.000 , 0.009, 5.395, 3721, 301, 2
L_00000266, 60, 1, 3600.0, 2.310, true, true, 22, 1859, 1859, 0.000 , 0.008, 2.302, 3721, 301, 2
L_00000267, 60, 1, 3600.0, 2.382, true, true, 35, 1615, 1615, 0.000 , 0.007, 2.375, 3721, 301, 2
L_00000268, 60, 1, 3600.0, 1.734, true, true, 17, 1727, 1727, 0.000 , 0.007, 1.727, 3721, 301, 2
L_00000269, 60, 1, 3600.0, 4.575, true, true, 69, 1794, 1794, 0.000 , 0.008, 4.567, 3721, 301, 2
L_00000270, 60, 1, 3600.0, 3.127, true, true, 39, 1552, 1552, 0.000 , 0.005, 3.122, 3721, 301, 2
L_00000271, 60, 1, 3600.0, 2.718, true, true, 34, 1559, 1559, 0.000 , 0.005, 2.713, 3721, 301, 2
L_00000272, 60, 1, 3600.0, 1.364, true, true, 17, 1698, 1698, 0.000 , 0.007, 1.357, 3721, 301, 2
L_00000273, 60, 1, 3600.0, 4.890, true, true, 170, 1833, 1833, 0.000 , 0.008, 4.882, 3721, 301, 2
L_00000274, 60, 1, 3600.0, 35.343, true, true, 710, 1566, 1566, 0.000 , 0.007, 35.336, 3721, 301, 2
L_00000275, 60, 1, 3600.0, 1.405, true, true, 26, 1721, 1721, 0.000 , 0.006, 1.399, 3721, 301, 2
L_00000276, 60, 1, 3600.0, 15.387, true, true, 517, 1794, 1794, 0.000 , 0.009, 15.378, 3721, 301, 2
L_00000277, 60, 1, 3600.0, 3.050, true, true, 31, 1847, 1847, 0.000 , 0.010, 3.040, 3721, 301, 2
L_00000278, 60, 1, 3600.0, 2.136, true, true, 15, 1462, 1462, 0.000 , 0.005, 2.131, 3721, 301, 2
L_00000279, 60, 1, 3600.0, 2.195, true, true, 39, 1647, 1647, 0.000 , 0.007, 2.188, 3721, 301, 2
L_00000280, 60, 1, 3600.0, 1.385, true, true, 17, 1647, 1647, 0.000 , 0.006, 1.379, 3721, 301, 2
L_00000281, 60, 1, 3600.0, 1.655, true, true, 17, 1657, 1657, 0.000 , 0.006, 1.649, 3721, 301, 2
L_00000282, 60, 1, 3600.0, 1.547, true, true, 25, 1614, 1614, 0.000 , 0.008, 1.539, 3721, 301, 2
L_00000283, 60, 1, 3600.0, 3.153, true, true, 61, 1884, 1884, 0.000 , 0.007, 3.146, 3721, 301, 2
L_00000284, 60, 1, 3600.0, 7.250, true, true, 132, 1774, 1774, 0.000 , 0.024, 7.226, 3721, 301, 2
L_00000285, 60, 1, 3600.0, 3.151, true, true, 53, 1585, 1585, 0.000 , 0.006, 3.145, 3721, 301, 2
L_00000286, 60, 1, 3600.0, 2.271, true, true, 23, 1782, 1782, 0.000 , 0.006, 2.265, 3721, 301, 2
L_00000287, 60, 1, 3600.0, 1.423, true, true, 29, 1618, 1618, 0.000 , 0.006, 1.417, 3721, 301, 2
L_00000288, 60, 1, 3600.0, 1.530, true, true, 17, 1629, 1629, 0.000 , 0.005, 1.525, 3721, 301, 2
L_00000289, 60, 1, 3600.0, 3.756, true, true, 82, 1578, 1578, 0.000 , 0.004, 3.752, 3721, 301, 2
L_00000290, 60, 1, 3600.0, 1.833, true, true, 79, 1625, 1625, 0.000 , 0.005, 1.828, 3721, 301, 2
L_00000291, 60, 1, 3600.0, 1.359, true, true, 19, 1832, 1832, 0.000 , 0.007, 1.352, 3721, 301, 2
L_00000292, 60, 1, 3600.0, 1.384, true, true, 25, 1773, 1773, 0.000 , 0.007, 1.377, 3721, 301, 2
L_00000293, 60, 1, 3600.0, 1.948, true, true, 17, 1674, 1674, 0.000 , 0.005, 1.943, 3721, 301, 2
L_00000294, 60, 1, 3600.0, 2.859, true, true, 49, 1668, 1668, 0.000 , 0.004, 2.855, 3721, 301, 2
L_00000295, 60, 1, 3600.0, 2.049, true, true, 27, 1706, 1706, 0.000 , 0.006, 2.043, 3721, 301, 2
L_00000296, 60, 1, 3600.0, 2.336, true, true, 31, 1443, 1443, 0.000 , 0.005, 2.331, 3721, 301, 2
L_00000297, 60, 1, 3600.0, 1.990, true, true, 40, 1721, 1721, 0.000 , 0.004, 1.986, 3721, 301, 2
L_00000298, 60, 1, 3600.0, 2.594, true, true, 29, 1831, 1831, 0.000 , 0.006, 2.588, 3721, 301, 2
L_00000299, 60, 1, 3600.0, 1.226, true, true, 17, 1726, 1726, 0.000 , 0.004, 1.222, 3721, 301, 2
L_00000300, 70, 1, 3600.0, 5.426, true, true, 70, 1814, 1814, 0.000 , 0.007, 5.419, 5041, 351, 2
L_00000301, 70, 1, 3600.0, 5.359, true, true, 56, 2075, 2075, 0.000 , 0.006, 5.353, 5041, 351, 2
L_00000302, 70, 1, 3600.0, 2.224, true, true, 26, 1940, 1940, 0.000 , 0.006, 2.218, 5041, 351, 2
L_00000303, 70, 1, 3600.0, 91.400, true, true, 1096, 1993, 1993, 0.000 , 0.006, 91.394, 5041, 351, 2
L_00000304, 70, 1, 3600.0, 4.445, true, true, 51, 2048, 2048, 0.000 , 0.008, 4.437, 5041, 351, 2
L_00000305, 70, 1, 3600.0, 7.497, true, true, 52, 1879, 1879, 0.000 , 0.008, 7.489, 5041, 351, 2
L_00000306, 70, 1, 3600.0, 3.845, true, true, 47, 1918, 1918, 0.000 , 0.006, 3.839, 5041, 351, 2
L_00000307, 70, 1, 3600.0, 4.002, true, true, 51, 2159, 2159, 0.000 , 0.006, 3.996, 5041, 351, 2
L_00000308, 70, 1, 3600.0, 7.266, true, true, 76, 1880, 1880, 0.000 , 0.011, 7.255, 5041, 351, 2
L_00000309, 70, 1, 3600.0, 4.330, true, true, 26, 1945, 1945, 0.000 , 0.007, 4.323, 5041, 351, 2
L_00000310, 70, 1, 3600.0, 3.264, true, true, 21, 1999, 1999, 0.000 , 0.007, 3.257, 5041, 351, 2
L_00000311, 70, 1, 3600.0, 12.923, true, true, 193, 2095, 2095, 0.000 , 0.006, 12.917, 5041, 351, 2
L_00000312, 70, 1, 3600.0, 4.477, true, true, 70, 1855, 1855, 0.000 , 0.006, 4.471, 5041, 351, 2
L_00000313, 70, 1, 3600.0, 5.730, true, true, 65, 1865, 1865, 0.000 , 0.007, 5.723, 5041, 351, 2
L_00000314, 70, 1, 3600.0, 2.492, true, true, 25, 1656, 1656, 0.000 , 0.007, 2.485, 5041, 351, 2
L_00000315, 70, 1, 3600.0, 2.961, true, true, 19, 1792, 1792, 0.000 , 0.010, 2.951, 5041, 351, 2
L_00000316, 70, 1, 3600.0, 3.093, true, true, 27, 1939, 1939, 0.000 , 0.007, 3.086, 5041, 351, 2
L_00000317, 70, 1, 3600.0, 57.973, true, true, 1809, 1995, 1995, 0.000 , 0.007, 57.966, 5041, 351, 2
L_00000318, 70, 1, 3600.0, 9.148, true, true, 77, 2308, 2308, 0.000 , 0.012, 9.136, 5041, 351, 2
L_00000319, 70, 1, 3600.0, 2.931, true, true, 17, 1734, 1734, 0.000 , 0.009, 2.922, 5041, 351, 2
L_00000320, 70, 1, 3600.0, 5.252, true, true, 43, 1861, 1861, 0.000 , 0.006, 5.246, 5041, 351, 2
L_00000321, 70, 1, 3600.0, 3.722, true, true, 27, 1923, 1923, 0.000 , 0.006, 3.716, 5041, 351, 2
L_00000322, 70, 1, 3600.0, 4.539, true, true, 97, 2074, 2074, 0.000 , 0.007, 4.532, 5041, 351, 2
L_00000323, 70, 1, 3600.0, 3.213, true, true, 21, 2013, 2013, 0.000 , 0.008, 3.205, 5041, 351, 2
L_00000324, 70, 1, 3600.0, 10.706, true, true, 65, 2047, 2047, 0.000 , 0.007, 10.699, 5041, 351, 2
L_00000325, 70, 1, 3600.0, 3.557, true, true, 41, 1840, 1840, 0.000 , 0.007, 3.550, 5041, 351, 2
L_00000326, 70, 1, 3600.0, 3.192, true, true, 31, 1942, 1942, 0.000 , 0.006, 3.186, 5041, 351, 2
L_00000327, 70, 1, 3600.0, 48.564, true, true, 920, 1554, 1554, 0.000 , 0.009, 48.555, 5041, 351, 2
L_00000328, 70, 1, 3600.0, 3.694, true, true, 49, 1824, 1824, 0.000 , 0.007, 3.687, 5041, 351, 2
L_00000329, 70, 1, 3600.0, 9.300, true, true, 84, 1805, 1805, 0.000 , 0.007, 9.293, 5041, 351, 2
L_00000330, 70, 1, 3600.0, 4.139, true, true, 27, 1988, 1988, 0.000 , 0.009, 4.130, 5041, 351, 2
L_00000331, 70, 1, 3600.0, 15.251, true, true, 181, 1795, 1795, 0.000 , 0.008, 15.243, 5041, 351, 2
L_00000332, 70, 1, 3600.0, 62.330, true, true, 1364, 1771, 1771, 0.000 , 0.006, 62.324, 5041, 351, 2
L_00000333, 70, 1, 3600.0, 6.475, true, true, 57, 2000, 2000, 0.000 , 0.010, 6.465, 5041, 351, 2
L_00000334, 70, 1, 3600.0, 4.608, true, true, 23, 2350, 2350, 0.000 , 0.011, 4.597, 5041, 351, 2
L_00000335, 70, 1, 3600.0, 33.136, true, true, 360, 1796, 1796, 0.000 , 0.009, 33.127, 5041, 351, 2
L_00000336, 70, 1, 3600.0, 12.714, true, true, 227, 1988, 1988, 0.000 , 0.010, 12.704, 5041, 351, 2
L_00000337, 70, 1, 3600.0, 22.187, true, true, 539, 1960, 1960, 0.000 , 0.006, 22.181, 5041, 351, 2
L_00000338, 70, 1, 3600.0, 2.898, true, true, 24, 1834, 1834, 0.000 , 0.008, 2.890, 5041, 351, 2
L_00000339, 70, 1, 3600.0, 8.984, true, true, 81, 2083, 2083, 0.000 , 0.007, 8.977, 5041, 351, 2
L_00000340, 70, 1, 3600.0, 6.094, true, true, 63, 1921, 1921, 0.000 , 0.010, 6.084, 5041, 351, 2
L_00000341, 70, 1, 3600.0, 7.319, true, true, 61, 1854, 1854, 0.000 , 0.008, 7.311, 5041, 351, 2
L_00000342, 70, 1, 3600.0, 2.403, true, true, 21, 2159, 2159, 0.000 , 0.006, 2.397, 5041, 351, 2
L_00000343, 70, 1, 3600.0, 3.198, true, true, 19, 1935, 1935, 0.000 , 0.013, 3.185, 5041, 351, 2
L_00000344, 70, 1, 3600.0, 4.810, true, true, 154, 2263, 2263, 0.000 , 0.007, 4.803, 5041, 351, 2
L_00000345, 70, 1, 3600.0, 3.720, true, true, 25, 1719, 1719, 0.000 , 0.007, 3.713, 5041, 351, 2
L_00000346, 70, 1, 3600.0, 11.352, true, true, 337, 1946, 1946, 0.000 , 0.009, 11.343, 5041, 351, 2
L_00000347, 70, 1, 3600.0, 3.270, true, true, 19, 1819, 1819, 0.000 , 0.006, 3.264, 5041, 351, 2
L_00000348, 70, 1, 3600.0, 1.836, true, true, 17, 1676, 1676, 0.000 , 0.009, 1.827, 5041, 351, 2
L_00000349, 70, 1, 3600.0, 3.205, true, true, 25, 1710, 1710, 0.000 , 0.006, 3.199, 5041, 351, 2
L_00000350, 80, 1, 3600.0, 10.413, true, true, 163, 2063, 2063, 0.000 , 0.010, 10.403, 6561, 401, 2
L_00000351, 80, 1, 3600.0, 13.269, true, true, 105, 2123, 2123, 0.000 , 0.010, 13.259, 6561, 401, 2
L_00000352, 80, 1, 3600.0, 42.583, true, true, 370, 2224, 2224, 0.000 , 0.010, 42.573, 6561, 401, 2
L_00000353, 80, 1, 3600.0, 21.517, true, true, 117, 2076, 2076, 0.000 , 0.008, 21.509, 6561, 401, 2
L_00000354, 80, 1, 3600.0, 4.221, true, true, 23, 2399, 2399, 0.000 , 0.010, 4.211, 6561, 401, 2
L_00000355, 80, 1, 3600.0, 52.134, true, true, 588, 2036, 2036, 0.000 , 0.010, 52.124, 6561, 401, 2
L_00000356, 80, 1, 3600.0, 4.811, true, true, 23, 2236, 2236, 0.000 , 0.010, 4.801, 6561, 401, 2
L_00000357, 80, 1, 3600.0, 32.731, true, true, 512, 2180, 2180, 0.000 , 0.013, 32.718, 6561, 401, 2
L_00000358, 80, 1, 3600.0, 11.078, true, true, 115, 2054, 2054, 0.000 , 0.011, 11.067, 6561, 401, 2
L_00000359, 80, 1, 3600.0, 15.184, true, true, 63, 2233, 2233, 0.000 , 0.012, 15.172, 6561, 401, 2
L_00000360, 80, 1, 3600.0, 9.151, true, true, 42, 2505, 2505, 0.000 , 0.013, 9.138, 6561, 401, 2
L_00000361, 80, 1, 3600.0, 8.203, true, true, 67, 2279, 2279, 0.000 , 0.011, 8.192, 6561, 401, 2
L_00000362, 80, 1, 3600.0, 73.194, true, true, 507, 2448, 2448, 0.000 , 0.011, 73.183, 6561, 401, 2
L_00000363, 80, 1, 3600.0, 6.039, true, true, 23, 2171, 2171, 0.000 , 0.009, 6.030, 6561, 401, 2
L_00000364, 80, 1, 3600.0, 3.970, true, true, 25, 2395, 2395, 0.000 , 0.009, 3.961, 6561, 401, 2
L_00000365, 80, 1, 3600.0, 10.645, true, true, 126, 2300, 2300, 0.000 , 0.010, 10.635, 6561, 401, 2
L_00000366, 80, 1, 3600.0, 23.738, true, true, 145, 2294, 2294, 0.000 , 0.033, 23.705, 6561, 401, 2
L_00000367, 80, 1, 3600.0, 62.428, true, true, 381, 2423, 2423, 0.000 , 0.011, 62.417, 6561, 401, 2
L_00000368, 80, 1, 3600.0, 4.173, true, true, 21, 2175, 2175, 0.000 , 0.007, 4.166, 6561, 401, 2
L_00000369, 80, 1, 3600.0, 10.832, true, true, 61, 2357, 2357, 0.000 , 0.007, 10.825, 6561, 401, 2
L_00000370, 80, 1, 3600.0, 28.561, true, true, 271, 2268, 2268, 0.000 , 0.007, 28.554, 6561, 401, 2
L_00000371, 80, 1, 3600.0, 3.584, true, true, 24, 2390, 2390, 0.000 , 0.009, 3.575, 6561, 401, 2
L_00000372, 80, 1, 3600.0, 8.029, true, true, 49, 2353, 2353, 0.000 , 0.009, 8.020, 6561, 401, 2
L_00000373, 80, 1, 3600.0, 16.993, true, true, 98, 2458, 2458, 0.000 , 0.007, 16.986, 6561, 401, 2
L_00000374, 80, 1, 3600.0, 537.031, true, true, 3161, 2204, 2204, 0.000 , 0.008, 537.023, 6561, 401, 2
L_00000375, 80, 1, 3600.0, 4.018, true, true, 25, 2392, 2392, 0.000 , 0.009, 4.009, 6561, 401, 2
L_00000376, 80, 1, 3600.0, 9.566, true, true, 111, 2082, 2082, 0.000 , 0.009, 9.557, 6561, 401, 2
L_00000377, 80, 1, 3600.0, 11.015, true, true, 49, 2237, 2237, 0.000 , 0.009, 11.006, 6561, 401, 2
L_00000378, 80, 1, 3600.0, 9.010, true, true, 55, 2257, 2257, 0.000 , 0.008, 9.002, 6561, 401, 2
L_00000379, 80, 1, 3600.0, 3.796, true, true, 23, 2375, 2375, 0.000 , 0.010, 3.786, 6561, 401, 2
L_00000380, 80, 1, 3600.0, 12.260, true, true, 71, 2253, 2253, 0.000 , 0.016, 12.244, 6561, 401, 2
L_00000381, 80, 1, 3600.0, 3.668, true, true, 35, 2020, 2020, 0.000 , 0.010, 3.658, 6561, 401, 2
L_00000382, 80, 1, 3600.0, 9.510, true, true, 55, 2326, 2326, 0.000 , 0.011, 9.499, 6561, 401, 2
L_00000383, 80, 1, 3600.0, 5.020, true, true, 21, 2169, 2169, 0.000 , 0.011, 5.009, 6561, 401, 2
L_00000384, 80, 1, 3600.0, 4.513, true, true, 27, 2177, 2177, 0.000 , 0.009, 4.504, 6561, 401, 2
L_00000385, 80, 1, 3600.0, 9.289, true, true, 51, 2383, 2383, 0.000 , 0.009, 9.280, 6561, 401, 2
L_00000386, 80, 1, 3600.0, 39.139, true, true, 183, 2294, 2294, 0.000 , 0.010, 39.129, 6561, 401, 2
L_00000387, 80, 1, 3600.0, 15.645, true, true, 105, 2285, 2285, 0.000 , 0.011, 15.634, 6561, 401, 2
L_00000388, 80, 1, 3600.0, 4.576, true, true, 65, 2127, 2127, 0.000 , 0.014, 4.562, 6561, 401, 2
L_00000389, 80, 1, 3600.0, 7.727, true, true, 41, 2325, 2325, 0.000 , 0.011, 7.716, 6561, 401, 2
L_00000390, 80, 1, 3600.0, 30.122, true, true, 176, 2222, 2222, 0.000 , 0.009, 30.113, 6561, 401, 2
L_00000391, 80, 1, 3600.0, 5.199, true, true, 38, 2099, 2099, 0.000 , 0.010, 5.189, 6561, 401, 2
L_00000392, 80, 1, 3600.0, 4.929, true, true, 39, 2104, 2104, 0.000 , 0.009, 4.920, 6561, 401, 2
L_00000393, 80, 1, 3600.0, 26.220, true, true, 140, 2224, 2224, 0.000 , 0.012, 26.208, 6561, 401, 2
L_00000394, 80, 1, 3600.0, 6.126, true, true, 25, 2573, 2573, 0.000 , 0.010, 6.116, 6561, 401, 2
L_00000395, 80, 1, 3600.0, 3.928, true, true, 43, 2273, 2273, 0.000 , 0.010, 3.918, 6561, 401, 2
L_00000396, 80, 1, 3600.0, 44.805, true, true, 238, 2294, 2294, 0.000 , 0.011, 44.794, 6561, 401, 2
L_00000397, 80, 1, 3600.0, 11.657, true, true, 75, 2265, 2265, 0.000 , 0.009, 11.648, 6561, 401, 2
L_00000398, 80, 1, 3600.0, 62.589, true, true, 467, 2002, 2002, 0.000 , 0.011, 62.578, 6561, 401, 2
L_00000399, 80, 1, 3600.0, 9.965, true, true, 55, 2256, 2256, 0.000 , 0.008, 9.957, 6561, 401, 2
L_00000400, 90, 1, 3600.0, 33.288, true, true, 131, 2730, 2730, 0.000 , 0.012, 33.276, 8281, 451, 2
L_00000401, 90, 1, 3600.0, 13.966, true, true, 43, 2338, 2338, 0.000 , 0.012, 13.954, 8281, 451, 2
L_00000402, 90, 1, 3600.0, 42.834, true, true, 145, 2570, 2570, 0.000 , 0.011, 42.823, 8281, 451, 2
L_00000403, 90, 1, 3600.0, 14.200, true, true, 41, 2390, 2390, 0.000 , 0.012, 14.188, 8281, 451, 2
L_00000404, 90, 1, 3600.0, 11.579, true, true, 51, 2728, 2728, 0.000 , 0.014, 11.565, 8281, 451, 2
L_00000405, 90, 1, 3600.0, 28.109, true, true, 108, 2669, 2669, 0.000 , 0.013, 28.096, 8281, 451, 2
L_00000406, 90, 1, 3600.0, 5.411, true, true, 23, 2382, 2382, 0.000 , 0.014, 5.397, 8281, 451, 2
L_00000407, 90, 1, 3600.0, 14.159, true, true, 53, 2641, 2641, 0.000 , 0.012, 14.147, 8281, 451, 2
L_00000408, 90, 1, 3600.0, 36.639, true, true, 97, 2536, 2536, 0.000 , 0.011, 36.628, 8281, 451, 2
L_00000409, 90, 1, 3600.0, 11.896, true, true, 93, 2526, 2526, 0.000 , 0.017, 11.879, 8281, 451, 2
L_00000410, 90, 1, 3600.0, 14.833, true, true, 120, 2668, 2668, 0.000 , 0.011, 14.822, 8281, 451, 2
L_00000411, 90, 1, 3600.0, 15.383, true, true, 51, 2505, 2505, 0.000 , 0.011, 15.372, 8281, 451, 2
L_00000412, 90, 1, 3600.0, 7.857, true, true, 93, 2549, 2549, 0.000 , 0.012, 7.845, 8281, 451, 2
L_00000413, 90, 1, 3600.0, 20.830, true, true, 66, 2537, 2537, 0.000 , 0.011, 20.819, 8281, 451, 2
L_00000414, 90, 1, 3600.0, 5.950, true, true, 29, 2611, 2611, 0.000 , 0.011, 5.939, 8281, 451, 2
L_00000415, 90, 1, 3600.0, 11.110, true, true, 40, 2612, 2612, 0.000 , 0.010, 11.100, 8281, 451, 2
L_00000416, 90, 1, 3600.0, 50.506, true, true, 207, 2596, 2596, 0.000 , 0.013, 50.493, 8281, 451, 2
L_00000417, 90, 1, 3600.0, 109.968, true, true, 322, 2467, 2467, 0.000 , 0.011, 109.957, 8281, 451, 2
L_00000418, 90, 1, 3600.0, 23.104, true, true, 117, 2535, 2535, 0.000 , 0.011, 23.093, 8281, 451, 2
L_00000419, 90, 1, 3600.0, 6.880, true, true, 55, 2425, 2425, 0.000 , 0.011, 6.869, 8281, 451, 2
L_00000420, 90, 1, 3600.0, 13.857, true, true, 57, 2805, 2805, 0.000 , 0.011, 13.846, 8281, 451, 2
L_00000421, 90, 1, 3600.0, 131.128, true, true, 527, 2479, 2479, 0.000 , 0.010, 131.118, 8281, 451, 2
L_00000422, 90, 1, 3600.0, 11.132, true, true, 47, 2359, 2359, 0.000 , 0.012, 11.120, 8281, 451, 2
L_00000423, 90, 1, 3600.0, 62.697, true, true, 209, 2458, 2458, 0.000 , 0.014, 62.683, 8281, 451, 2
L_00000424, 90, 1, 3600.0, 12.609, true, true, 39, 2528, 2528, 0.000 , 0.011, 12.598, 8281, 451, 2
L_00000425, 90, 1, 3600.0, 96.458, true, true, 469, 2657, 2657, 0.000 , 0.012, 96.446, 8281, 451, 2
L_00000426, 90, 1, 3600.0, 9.243, true, true, 75, 2469, 2469, 0.000 , 0.011, 9.232, 8281, 451, 2
L_00000427, 90, 1, 3600.0, 12.158, true, true, 50, 2591, 2591, 0.000 , 0.012, 12.146, 8281, 451, 2
L_00000428, 90, 1, 3600.0, 191.244, true, true, 611, 2864, 2864, 0.000 , 0.011, 191.233, 8281, 451, 2
L_00000429, 90, 1, 3600.0, 37.315, true, true, 607, 2681, 2681, 0.000 , 0.012, 37.303, 8281, 451, 2
L_00000430, 90, 1, 3600.0, 11.662, true, true, 100, 2512, 2512, 0.000 , 0.014, 11.648, 8281, 451, 2
L_00000431, 90, 1, 3600.0, 6.434, true, true, 29, 2611, 2611, 0.000 , 0.011, 6.423, 8281, 451, 2
L_00000432, 90, 1, 3600.0, 23.529, true, true, 75, 2788, 2788, 0.000 , 0.011, 23.518, 8281, 451, 2
L_00000433, 90, 1, 3600.0, 37.595, true, true, 220, 2467, 2467, 0.000 , 0.012, 37.583, 8281, 451, 2
L_00000434, 90, 1, 3600.0, 58.562, true, true, 167, 2482, 2482, 0.000 , 0.011, 58.551, 8281, 451, 2
L_00000435, 90, 1, 3600.0, 7.950, true, true, 71, 2260, 2260, 0.000 , 0.012, 7.938, 8281, 451, 2
L_00000436, 90, 1, 3600.0, 160.005, true, true, 1072, 2428, 2428, 0.000 , 0.012, 159.993, 8281, 451, 2
L_00000437, 90, 1, 3600.0, 17.387, true, true, 55, 2532, 2532, 0.000 , 0.011, 17.376, 8281, 451, 2
L_00000438, 90, 1, 3600.0, 50.354, true, true, 340, 2490, 2490, 0.000 , 0.012, 50.342, 8281, 451, 2
L_00000439, 90, 1, 3600.0, 18.763, true, true, 85, 2564, 2564, 0.000 , 0.042, 18.721, 8281, 451, 2
L_00000440, 90, 1, 3600.0, 15.937, true, true, 49, 2573, 2573, 0.000 , 0.010, 15.927, 8281, 451, 2
L_00000441, 90, 1, 3600.0, 7.945, true, true, 47, 2582, 2582, 0.000 , 0.012, 7.933, 8281, 451, 2
L_00000442, 90, 1, 3600.0, 6.129, true, true, 23, 2343, 2343, 0.000 , 0.009, 6.120, 8281, 451, 2
L_00000443, 90, 1, 3600.0, 44.675, true, true, 300, 2488, 2488, 0.000 , 0.011, 44.664, 8281, 451, 2
L_00000444, 90, 1, 3600.0, 132.650, true, true, 416, 2648, 2648, 0.000 , 0.009, 132.641, 8281, 451, 2
L_00000445, 90, 1, 3600.0, 20.849, true, true, 99, 2737, 2737, 0.000 , 0.011, 20.838, 8281, 451, 2
L_00000446, 90, 1, 3600.0, 73.954, true, true, 448, 2432, 2432, 0.000 , 0.011, 73.943, 8281, 451, 2
L_00000447, 90, 1, 3600.0, 17.719, true, true, 45, 2286, 2286, 0.000 , 0.012, 17.707, 8281, 451, 2
L_00000448, 90, 1, 3600.0, 9.594, true, true, 78, 2218, 2218, 0.000 , 0.011, 9.583, 8281, 451, 2
L_00000449, 90, 1, 3600.0, 39.604, true, true, 97, 2671, 2671, 0.000 , 0.011, 39.593, 8281, 451, 2
L_00000450, 100, 1, 3600.0, 21.451, true, true, 47, 2780, 2780, 0.000 , 0.013, 21.438, 10201, 501, 2
L_00000451, 100, 1, 3600.0, 15.140, true, true, 80, 2990, 2990, 0.000 , 0.012, 15.128, 10201, 501, 2
L_00000452, 100, 1, 3600.0, 31.275, true, true, 64, 2676, 2676, 0.000 , 0.013, 31.262, 10201, 501, 2
L_00000453, 100, 1, 3600.0, 13.532, true, true, 28, 2838, 2838, 0.000 , 0.012, 13.520, 10201, 501, 2
L_00000454, 100, 1, 3600.0, 62.679, true, true, 136, 2811, 2811, 0.000 , 0.023, 62.656, 10201, 501, 2
L_00000455, 100, 1, 3600.0, 19.992, true, true, 53, 2673, 2673, 0.000 , 0.013, 19.979, 10201, 501, 2
L_00000456, 100, 1, 3600.0, 326.427, true, true, 607, 2690, 2690, 0.000 , 0.013, 326.414, 10201, 501, 2
L_00000457, 100, 1, 3600.0, 37.346, true, true, 98, 2992, 2992, 0.000 , 0.012, 37.334, 10201, 501, 2
L_00000458, 100, 1, 3600.0, 13.105, true, true, 103, 2937, 2937, 0.000 , 0.013, 13.092, 10201, 501, 2
L_00000459, 100, 1, 3600.0, 360.127, true, true, 1077, 2648, 2648, 0.000 , 0.013, 360.114, 10201, 501, 2
L_00000460, 100, 1, 3600.0, 27.252, true, true, 1597, 2810, 2810, 0.000 , 0.013, 27.239, 10201, 501, 2
L_00000461, 100, 1, 3600.0, 21.118, true, true, 68, 2969, 2969, 0.000 , 0.017, 21.101, 10201, 501, 2
L_00000462, 100, 1, 3600.0, 18.835, true, true, 99, 2831, 2831, 0.000 , 0.014, 18.821, 10201, 501, 2
L_00000463, 100, 1, 3600.0, 48.552, true, true, 135, 2708, 2708, 0.000 , 0.012, 48.540, 10201, 501, 2
L_00000464, 100, 1, 3600.0, 69.922, true, true, 156, 2678, 2678, 0.000 , 0.014, 69.908, 10201, 501, 2
L_00000465, 100, 1, 3600.0, 31.799, true, true, 74, 3014, 3014, 0.000 , 0.013, 31.786, 10201, 501, 2
L_00000466, 100, 1, 3600.0, 21.402, true, true, 71, 2350, 2350, 0.000 , 0.013, 21.389, 10201, 501, 2
L_00000467, 100, 1, 3600.0, 9.055, true, true, 47, 2522, 2522, 0.000 , 0.013, 9.042, 10201, 501, 2
L_00000468, 100, 1, 3600.0, 61.921, true, true, 146, 2554, 2554, 0.000 , 0.015, 61.906, 10201, 501, 2
L_00000469, 100, 1, 3600.0, 139.679, true, true, 258, 2703, 2703, 0.000 , 0.018, 139.661, 10201, 501, 2
L_00000470, 100, 1, 3600.0, 22.340, true, true, 49, 2715, 2715, 0.000 , 0.013, 22.327, 10201, 501, 2
L_00000471, 100, 1, 3600.0, 10.600, true, true, 75, 2899, 2899, 0.000 , 0.012, 10.588, 10201, 501, 2
L_00000472, 100, 1, 3600.0, 83.921, true, true, 230, 2678, 2678, 0.000 , 0.014, 83.907, 10201, 501, 2
L_00000473, 100, 1, 3600.0, 22.136, true, true, 51, 2836, 2836, 0.000 , 0.013, 22.123, 10201, 501, 2
L_00000474, 100, 1, 3600.0, 16.998, true, true, 88, 2722, 2722, 0.000 , 0.013, 16.985, 10201, 501, 2
L_00000475, 100, 1, 3600.0, 20.848, true, true, 35, 2800, 2800, 0.000 , 0.017, 20.831, 10201, 501, 2
L_00000476, 100, 1, 3600.0, 23.566, true, true, 70, 2679, 2679, 0.000 , 0.013, 23.553, 10201, 501, 2
L_00000477, 100, 1, 3600.0, 19.857, true, true, 99, 2731, 2731, 0.000 , 0.014, 19.843, 10201, 501, 2
L_00000478, 100, 1, 3600.0, 24.550, true, true, 61, 2562, 2562, 0.000 , 0.016, 24.534, 10201, 501, 2
L_00000479, 100, 1, 3600.0, 447.383, true, true, 1488, 2675, 2675, 0.000 , 0.014, 447.369, 10201, 501, 2
L_00000480, 100, 1, 3600.0, 113.574, true, true, 213, 2882, 2882, 0.000 , 0.013, 113.561, 10201, 501, 2
L_00000481, 100, 1, 3600.0, 23.192, true, true, 53, 2797, 2797, 0.000 , 0.013, 23.179, 10201, 501, 2
L_00000482, 100, 1, 3600.0, 152.056, true, true, 267, 2810, 2810, 0.000 , 0.013, 152.043, 10201, 501, 2
L_00000483, 100, 1, 3600.0, 77.426, true, true, 140, 3127, 3127, 0.000 , 0.012, 77.414, 10201, 501, 2
L_00000484, 100, 1, 3600.0, 23.644, true, true, 62, 2489, 2489, 0.000 , 0.013, 23.631, 10201, 501, 2
L_00000485, 100, 1, 3600.0, 24.362, true, true, 67, 3170, 3170, 0.000 , 0.013, 24.349, 10201, 501, 2
L_00000486, 100, 1, 3600.0, 917.881, true, true, 1576, 2649, 2649, 0.000 , 0.013, 917.868, 10201, 501, 2
L_00000487, 100, 1, 3600.0, 65.839, true, true, 271, 3141, 3141, 0.000 , 0.023, 65.816, 10201, 501, 2
L_00000488, 100, 1, 3600.0, 43.630, true, true, 103, 2957, 2957, 0.000 , 0.018, 43.612, 10201, 501, 2
L_00000489, 100, 1, 3600.0, 59.455, true, true, 102, 2877, 2877, 0.000 , 0.018, 59.437, 10201, 501, 2
L_00000490, 100, 1, 3600.0, 15.255, true, true, 50, 2772, 2772, 0.000 , 0.016, 15.239, 10201, 501, 2
L_00000491, 100, 1, 3600.0, 23.885, true, true, 53, 2935, 2935, 0.000 , 0.014, 23.871, 10201, 501, 2
L_00000492, 100, 1, 3600.0, 31.520, true, true, 135, 3013, 3013, 0.000 , 0.016, 31.504, 10201, 501, 2
L_00000493, 100, 1, 3600.0, 279.080, true, true, 701, 3107, 3107, 0.000 , 0.015, 279.065, 10201, 501, 2
L_00000494, 100, 1, 3600.0, 32.681, true, true, 103, 3234, 3234, 0.000 , 0.013, 32.668, 10201, 501, 2
L_00000495, 100, 1, 3600.0, 55.141, true, true, 308, 2976, 2976, 0.000 , 0.013, 55.128, 10201, 501, 2
L_00000496, 100, 1, 3600.0, 41.393, true, true, 120, 2886, 2886, 0.000 , 0.013, 41.380, 10201, 501, 2
L_00000497, 100, 1, 3600.0, 181.230, true, true, 446, 3025, 3025, 0.000 , 0.013, 181.217, 10201, 501, 2
L_00000498, 100, 1, 3600.0, 16.528, true, true, 61, 2774, 2774, 0.000 , 0.012, 16.516, 10201, 501, 2
L_00000499, 100, 1, 3600.0, 15.652, true, true, 59, 2654, 2654, 0.000 , 0.014, 15.638, 10201, 501, 2
L_00000500, 150, 1, 3600.0, 1595.484, true, true, 547, 4073, 4073, 0.000 , 0.030, 1595.454, 22801, 751, 2
L_00000501, 150, 1, 3600.0, 238.402, true, true, 111, 4038, 4038, 0.000 , 0.035, 238.367, 22801, 751, 2
L_00000502, 150, 1, 3600.0, 327.468, true, true, 83, 4050, 4050, 0.000 , 0.038, 327.430, 22801, 751, 2
L_00000503, 150, 1, 3600.0, 327.166, true, true, 158, 4119, 4119, 0.000 , 0.033, 327.133, 22801, 751, 2
L_00000504, 150, 1, 3600.0, 302.416, true, true, 128, 4080, 4080, 0.000 , 0.032, 302.384, 22801, 751, 2
L_00000505, 150, 1, 3600.0, 3219.762, true, true, 1070, 4030, 4030, 0.000 , 0.065, 3219.697, 22801, 751, 2
L_00000506, 150, 1, 3600.0, 337.433, true, true, 166, 4427, 4427, 0.000 , 0.029, 337.404, 22801, 751, 2
L_00000507, 150, 1, 3600.0, 320.728, true, true, 602, 4220, 4220, 0.000 , 0.033, 320.695, 22801, 751, 2
L_00000508, 150, 1, 3600.0, 3600.071, false, false, 1314, infeasible, 4180, 2.541 , 0.029, 3600.042, 22801, 751, 9
L_00000509, 150, 1, 3600.0, 115.236, true, true, 594, 4359, 4359, 0.000 , 0.030, 115.206, 22801, 751, 2
L_00000510, 150, 1, 3600.0, 237.675, true, true, 712, 4283, 4283, 0.000 , 0.029, 237.646, 22801, 751, 2
L_00000511, 150, 1, 3600.0, 325.368, true, true, 133, 4268, 4268, 0.000 , 0.028, 325.340, 22801, 751, 2
L_00000512, 150, 1, 3600.0, 67.730, true, true, 562, 4206, 4206, 0.000 , 0.031, 67.699, 22801, 751, 2
L_00000513, 150, 1, 3600.0, 137.659, true, true, 238, 4124, 4124, 0.000 , 0.030, 137.629, 22801, 751, 2
L_00000514, 150, 1, 3600.0, 381.040, true, true, 151, 4486, 4486, 0.000 , 0.033, 381.007, 22801, 751, 2
L_00000515, 150, 1, 3600.0, 400.869, true, true, 141, 4490, 4490, 0.000 , 0.029, 400.840, 22801, 751, 2
L_00000516, 150, 1, 3600.0, 92.512, true, true, 583, 4127, 4127, 0.000 , 0.030, 92.482, 22801, 751, 2
L_00000517, 150, 1, 3600.0, 203.136, true, true, 61, 4188, 4188, 0.000 , 0.029, 203.107, 22801, 751, 2
L_00000518, 150, 1, 3600.0, 157.711, true, true, 67, 4095, 4095, 0.000 , 0.030, 157.681, 22801, 751, 2
L_00000519, 150, 1, 3600.0, 110.011, true, true, 131, 4138, 4138, 0.000 , 0.033, 109.978, 22801, 751, 2
L_00000520, 150, 1, 3600.0, 727.282, true, true, 289, 4064, 4064, 0.000 , 0.032, 727.250, 22801, 751, 2
L_00000521, 150, 1, 3600.0, 79.444, true, true, 101, 4286, 4286, 0.000 , 0.033, 79.411, 22801, 751, 2
L_00000522, 150, 1, 3600.0, 186.690, true, true, 92, 4235, 4235, 0.000 , 0.029, 186.661, 22801, 751, 2
L_00000523, 150, 1, 3600.0, 327.398, true, true, 184, 4401, 4401, 0.000 , 0.032, 327.366, 22801, 751, 2
L_00000524, 150, 1, 3600.0, 136.656, true, true, 561, 3841, 3841, 0.000 , 0.031, 136.625, 22801, 751, 2
L_00000525, 150, 1, 3600.0, 69.584, true, true, 661, 4098, 4098, 0.000 , 0.029, 69.555, 22801, 751, 2
L_00000526, 150, 1, 3600.0, 203.833, true, true, 710, 4292, 4292, 0.000 , 0.031, 203.802, 22801, 751, 2
L_00000527, 150, 1, 3600.0, 255.991, true, true, 67, 4339, 4339, 0.000 , 0.031, 255.960, 22801, 751, 2
L_00000528, 150, 1, 3600.0, 784.067, true, true, 297, 4014, 4014, 0.000 , 0.031, 784.036, 22801, 751, 2
L_00000529, 150, 1, 3600.0, 62.784, true, true, 566, 4259, 4259, 0.000 , 0.030, 62.754, 22801, 751, 2
L_00000530, 150, 1, 3600.0, 228.638, true, true, 197, 4406, 4406, 0.000 , 0.032, 228.606, 22801, 751, 2
L_00000531, 150, 1, 3600.0, 49.725, true, true, 61, 3972, 3972, 0.000 , 0.031, 49.694, 22801, 751, 2
L_00000532, 150, 1, 3600.0, 124.196, true, true, 582, 4270, 4270, 0.000 , 0.029, 124.167, 22801, 751, 2
L_00000533, 150, 1, 3600.0, 53.798, true, true, 53, 4592, 4592, 0.000 , 0.030, 53.768, 22801, 751, 2
L_00000534, 150, 1, 3600.0, 215.640, true, true, 65, 3919, 3919, 0.000 , 0.030, 215.610, 22801, 751, 2
L_00000535, 150, 1, 3600.0, 133.195, true, true, 585, 3863, 3863, 0.000 , 0.031, 133.164, 22801, 751, 2
L_00000536, 150, 1, 3600.0, 487.319, true, true, 662, 4063, 4063, 0.000 , 0.029, 487.290, 22801, 751, 2
L_00000537, 150, 1, 3600.0, 476.719, true, true, 154, 3992, 3992, 0.000 , 0.030, 476.689, 22801, 751, 2
L_00000538, 150, 1, 3600.0, 91.359, true, true, 618, 4203, 4203, 0.000 , 0.030, 91.329, 22801, 751, 2
L_00000539, 150, 1, 3600.0, 216.936, true, true, 83, 4265, 4265, 0.000 , 0.030, 216.906, 22801, 751, 2
L_00000540, 150, 1, 3600.0, 52.441, true, true, 85, 4460, 4460, 0.000 , 0.031, 52.410, 22801, 751, 2
L_00000541, 150, 1, 3600.0, 315.046, true, true, 152, 3981, 3981, 0.000 , 0.031, 315.015, 22801, 751, 2
L_00000542, 150, 1, 3600.0, 114.185, true, true, 65, 4690, 4690, 0.000 , 0.034, 114.151, 22801, 751, 2
L_00000543, 150, 1, 3600.0, 178.652, true, true, 600, 4226, 4226, 0.000 , 0.031, 178.621, 22801, 751, 2
L_00000544, 150, 1, 3600.0, 823.094, true, true, 383, 4073, 4073, 0.000 , 0.034, 823.060, 22801, 751, 2
L_00000545, 150, 1, 3600.0, 139.212, true, true, 65, 4325, 4325, 0.000 , 0.033, 139.179, 22801, 751, 2
L_00000546, 150, 1, 3600.0, 158.880, true, true, 63, 4556, 4556, 0.000 , 0.032, 158.848, 22801, 751, 2
L_00000547, 150, 1, 3600.0, 223.889, true, true, 693, 4318, 4318, 0.000 , 0.034, 223.855, 22801, 751, 2
L_00000548, 150, 1, 3600.0, 404.622, true, true, 183, 3990, 3990, 0.000 , 0.032, 404.590, 22801, 751, 2
L_00000549, 150, 1, 3600.0, 232.552, true, true, 107, 4095, 4095, 0.000 , 0.032, 232.520, 22801, 751, 2
L_00000550, 200, 1, 3600.0, 521.316, true, true, 577, 5644, 5644, 0.000 , 0.091, 521.225, 40401, 1001, 2
L_00000551, 200, 1, 3600.0, 3600.122, false, false, 256, infeasible, 5483, 3.553 , 0.056, 3600.066, 40401, 1001, 9
L_00000552, 200, 1, 3600.0, 1079.476, true, true, 162, 5739, 5739, 0.000 , 0.054, 1079.422, 40401, 1001, 2
L_00000553, 200, 1, 3600.0, 756.888, true, true, 888, 5439, 5439, 0.000 , 0.053, 756.835, 40401, 1001, 2
L_00000554, 200, 1, 3600.0, 746.118, true, true, 767, 5528, 5528, 0.000 , 0.055, 746.063, 40401, 1001, 2
L_00000555, 200, 1, 3600.0, 856.234, true, true, 158, 5855, 5855, 0.000 , 0.057, 856.177, 40401, 1001, 2
L_00000556, 200, 1, 3600.0, 556.744, true, true, 205, 5658, 5658, 0.000 , 0.058, 556.686, 40401, 1001, 2
L_00000557, 200, 1, 3600.0, 324.920, true, true, 896, 5726, 5726, 0.000 , 0.057, 324.863, 40401, 1001, 2
L_00000558, 200, 1, 3600.0, 260.500, true, true, 823, 5586, 5586, 0.000 , 0.054, 260.446, 40401, 1001, 2
L_00000559, 200, 1, 3600.0, 389.874, true, true, 921, 5658, 5658, 0.000 , 0.053, 389.821, 40401, 1001, 2
L_00000560, 200, 1, 3600.0, 276.101, true, true, 923, 5641, 5641, 0.000 , 0.075, 276.026, 40401, 1001, 2
L_00000561, 200, 1, 3600.0, 3600.147, false, false, 376, infeasible, 4942, 4.095 , 0.057, 3600.090, 40401, 1001, 9
L_00000562, 200, 1, 3600.0, 1277.951, true, true, 118, 5330, 5330, 0.000 , 0.058, 1277.893, 40401, 1001, 2
L_00000563, 200, 1, 3600.0, 303.191, true, true, 1165, 6138, 6138, 0.000 , 0.054, 303.137, 40401, 1001, 2
L_00000564, 200, 1, 3600.0, 1298.394, true, true, 967, 5601, 5601, 0.000 , 0.052, 1298.342, 40401, 1001, 2
L_00000565, 200, 1, 3600.0, 1167.219, true, true, 580, 5742, 5742, 0.000 , 0.055, 1167.164, 40401, 1001, 2
L_00000566, 200, 1, 3600.0, 1496.881, true, true, 185, 5376, 5376, 0.000 , 0.056, 1496.825, 40401, 1001, 2
L_00000567, 200, 1, 3600.0, 2678.749, true, true, 393, 5777, 5777, 0.000 , 0.054, 2678.695, 40401, 1001, 2
L_00000568, 200, 1, 3600.0, 356.696, true, true, 698, 5579, 5579, 0.000 , 0.054, 356.642, 40401, 1001, 2
L_00000569, 200, 1, 3600.0, 1009.295, true, true, 113, 5820, 5820, 0.000 , 0.056, 1009.239, 40401, 1001, 2
L_00000570, 200, 1, 3600.0, 397.090, true, true, 650, 5894, 5894, 0.000 , 0.060, 397.030, 40401, 1001, 2
L_00000571, 200, 1, 3600.0, 186.414, true, true, 587, 6013, 6013, 0.000 , 0.058, 186.356, 40401, 1001, 2
L_00000572, 200, 1, 3600.0, 3016.270, true, true, 449, 5981, 5981, 0.000 , 0.055, 3016.215, 40401, 1001, 2
L_00000573, 200, 1, 3600.0, 261.358, true, true, 621, 5684, 5684, 0.000 , 0.058, 261.300, 40401, 1001, 2
L_00000574, 200, 1, 3600.0, 2890.975, true, true, 272, 5557, 5557, 0.000 , 0.054, 2890.921, 40401, 1001, 2
L_00000575, 200, 1, 3600.0, 268.992, true, true, 734, 5461, 5461, 0.000 , 0.053, 268.939, 40401, 1001, 2
L_00000576, 200, 1, 3600.0, 833.347, true, true, 96, 5463, 5463, 0.000 , 0.051, 833.296, 40401, 1001, 2
L_00000577, 200, 1, 3600.0, 769.636, true, true, 1075, 5594, 5594, 0.000 , 0.053, 769.583, 40401, 1001, 2
L_00000578, 200, 1, 3600.0, 276.634, true, true, 714, 5457, 5457, 0.000 , 0.057, 276.577, 40401, 1001, 2
L_00000579, 200, 1, 3600.0, 740.566, true, true, 1492, 6006, 6006, 0.000 , 0.056, 740.510, 40401, 1001, 2
L_00000580, 200, 1, 3600.0, 1086.396, true, true, 171, 5852, 5852, 0.000 , 0.054, 1086.342, 40401, 1001, 2
L_00000581, 200, 1, 3600.0, 706.219, true, true, 93, 5519, 5519, 0.000 , 0.058, 706.161, 40401, 1001, 2
L_00000582, 200, 1, 3600.0, 1735.924, true, true, 485, 5018, 5018, 0.000 , 0.056, 1735.868, 40401, 1001, 2
L_00000583, 200, 1, 3600.0, 1845.717, true, true, 844, 6194, 6194, 0.000 , 0.053, 1845.664, 40401, 1001, 2
L_00000584, 200, 1, 3600.0, 2107.409, true, true, 943, 5755, 5755, 0.000 , 0.058, 2107.351, 40401, 1001, 2
L_00000585, 200, 1, 3600.0, 619.306, true, true, 141, 5574, 5574, 0.000 , 0.059, 619.247, 40401, 1001, 2
L_00000586, 200, 1, 3600.0, 372.565, true, true, 760, 6209, 6209, 0.000 , 0.060, 372.505, 40401, 1001, 2
L_00000587, 200, 1, 3600.0, 320.528, true, true, 188, 5222, 5222, 0.000 , 0.059, 320.469, 40401, 1001, 2
L_00000588, 200, 1, 3600.0, 1018.565, true, true, 195, 5681, 5681, 0.000 , 0.056, 1018.509, 40401, 1001, 2
L_00000589, 200, 1, 3600.0, 1353.229, true, true, 966, 5452, 5452, 0.000 , 0.058, 1353.171, 40401, 1001, 2
L_00000590, 200, 1, 3600.0, 604.497, true, true, 1050, 5795, 5795, 0.000 , 0.057, 604.440, 40401, 1001, 2
L_00000591, 200, 1, 3600.0, 370.922, true, true, 759, 5466, 5466, 0.000 , 0.057, 370.865, 40401, 1001, 2
L_00000592, 200, 1, 3600.0, 1023.372, true, true, 198, 5638, 5638, 0.000 , 0.055, 1023.317, 40401, 1001, 2
L_00000593, 200, 1, 3600.0, 439.600, true, true, 866, 5738, 5738, 0.000 , 0.059, 439.541, 40401, 1001, 2
L_00000594, 200, 1, 3600.0, 480.278, true, true, 786, 5584, 5584, 0.000 , 0.057, 480.221, 40401, 1001, 2
L_00000595, 200, 1, 3600.0, 1249.222, true, true, 1075, 5594, 5594, 0.000 , 0.053, 1249.169, 40401, 1001, 2
L_00000596, 200, 1, 3600.0, 471.322, true, true, 575, 5641, 5641, 0.000 , 0.056, 471.266, 40401, 1001, 2
L_00000597, 200, 1, 3600.0, 233.882, true, true, 581, 5846, 5846, 0.000 , 0.057, 233.825, 40401, 1001, 2
L_00000598, 200, 1, 3600.0, 475.589, true, true, 60, 5474, 5474, 0.000 , 0.059, 475.530, 40401, 1001, 2
L_00000599, 200, 1, 3600.0, 1952.934, true, true, 254, 5282, 5282, 0.000 , 0.057, 1952.877, 40401, 1001, 2
L_00000600, 250, 1, 3600.0, 3600.280, false, false, 101, infeasible, 6948, 2.907 , 0.087, 3600.193, 63001, 1251, 9
L_00000601, 250, 1, 3600.0, 482.931, true, true, 119, 7095, 7095, 0.000 , 0.126, 482.805, 63001, 1251, 2
L_00000602, 250, 1, 3600.0, 2175.910, true, true, 1268, 6950, 6950, 0.000 , 0.085, 2175.825, 63001, 1251, 2
L_00000603, 250, 1, 3600.0, 3600.218, false, false, 1364, infeasible, 7387, 0.135 , 0.089, 3600.129, 63001, 1251, 9
L_00000604, 250, 1, 3600.0, 2745.936, true, true, 1001, 7072, 7072, 0.000 , 0.090, 2745.846, 63001, 1251, 2
L_00000605, 250, 1, 3600.0, 3600.167, false, false, 180, infeasible, 6558, 3.003 , 0.091, 3600.076, 63001, 1251, 9
L_00000606, 250, 1, 3600.0, 3600.230, false, false, 1166, infeasible, 6837, 0.248 , 0.091, 3600.139, 63001, 1251, 9
L_00000607, 250, 1, 3600.0, 1415.279, true, true, 1269, 7270, 7270, 0.000 , 0.090, 1415.189, 63001, 1251, 2
L_00000608, 250, 1, 3600.0, 3600.129, false, false, 1349, infeasible, 6905, 0.159 , 0.093, 3600.036, 63001, 1251, 9
L_00000609, 250, 1, 3600.0, 3222.456, true, true, 1065, 6993, 6993, 0.000 , 0.090, 3222.366, 63001, 1251, 2
L_00000610, 250, 1, 3600.0, 1121.095, true, true, 1069, 6978, 6978, 0.000 , 0.090, 1121.005, 63001, 1251, 2
L_00000611, 250, 1, 3600.0, 2002.505, true, true, 1269, 6611, 6611, 0.000 , 0.090, 2002.415, 63001, 1251, 2
L_00000612, 250, 1, 3600.0, 3600.336, false, false, 148, infeasible, 6927, 2.942 , 0.086, 3600.250, 63001, 1251, 9
L_00000613, 250, 1, 3600.0, 1991.291, true, true, 454, 6980, 6980, 0.000 , 0.085, 1991.206, 63001, 1251, 2
L_00000614, 250, 1, 3600.0, 2826.072, true, true, 176, 7044, 7044, 0.000 , 0.086, 2825.986, 63001, 1251, 2
L_00000615, 250, 1, 3600.0, 3600.194, false, false, 1169, infeasible, 6749, 0.015 , 0.084, 3600.110, 63001, 1251, 9
L_00000616, 250, 1, 3600.0, 2403.023, true, true, 160, 7148, 7148, 0.000 , 0.127, 2402.896, 63001, 1251, 2
L_00000617, 250, 1, 3600.0, 3600.145, false, false, 1390, infeasible, 6723, 0.030 , 0.083, 3600.062, 63001, 1251, 9
L_00000618, 250, 1, 3600.0, 471.251, true, true, 916, 6984, 6984, 0.000 , 0.089, 471.162, 63001, 1251, 2
L_00000619, 250, 1, 3600.0, 3564.822, true, true, 312, 6711, 6711, 0.000 , 0.082, 3564.740, 63001, 1251, 2
L_00000620, 250, 1, 3600.0, 1786.829, true, true, 1041, 6742, 6742, 0.000 , 0.088, 1786.741, 63001, 1251, 2
L_00000621, 250, 1, 3600.0, 1871.002, true, true, 958, 7225, 7225, 0.000 , 0.085, 1870.917, 63001, 1251, 2
L_00000622, 250, 1, 3600.0, 807.259, true, true, 631, 6892, 6892, 0.000 , 0.084, 807.175, 63001, 1251, 2
L_00000623, 250, 1, 3600.0, 3078.727, true, true, 132, 6977, 6977, 0.000 , 0.083, 3078.644, 63001, 1251, 2
L_00000624, 250, 1, 3600.0, 578.968, true, true, 115, 7375, 7375, 0.000 , 0.088, 578.880, 63001, 1251, 2
L_00000625, 250, 1, 3600.0, 3600.188, false, false, 141, infeasible, 7130, 2.874 , 0.084, 3600.104, 63001, 1251, 9
L_00000626, 250, 1, 3600.0, 2732.723, true, true, 128, 6718, 6718, 0.000 , 0.087, 2732.636, 63001, 1251, 2
L_00000627, 250, 1, 3600.0, 290.532, true, true, 1145, 6987, 6987, 0.000 , 0.089, 290.443, 63001, 1251, 2
L_00000628, 250, 1, 3600.0, 387.723, true, true, 1049, 7194, 7194, 0.000 , 0.085, 387.638, 63001, 1251, 2
L_00000629, 250, 1, 3600.0, 3514.189, true, true, 141, 6982, 6982, 0.000 , 0.086, 3514.103, 63001, 1251, 2
L_00000630, 250, 1, 3600.0, 3600.130, false, false, 169, infeasible, 6846, 3.196 , 0.086, 3600.044, 63001, 1251, 9
L_00000631, 250, 1, 3600.0, 3187.420, true, true, 1196, 6773, 6773, 0.000 , 0.087, 3187.333, 63001, 1251, 2
L_00000632, 250, 1, 3600.0, 2407.526, true, true, 696, 7298, 7298, 0.000 , 0.130, 2407.396, 63001, 1251, 2
L_00000633, 250, 1, 3600.0, 3600.178, false, false, 127, infeasible, 7181, 2.736 , 0.086, 3600.092, 63001, 1251, 9
L_00000634, 250, 1, 3600.0, 3600.119, false, false, 94, infeasible, 6810, 2.881 , 0.086, 3600.033, 63001, 1251, 9
L_00000635, 250, 1, 3600.0, 206.700, true, true, 886, 7013, 7013, 0.000 , 0.085, 206.615, 63001, 1251, 2
L_00000636, 250, 1, 3600.0, 1818.831, true, true, 1269, 6865, 6865, 0.000 , 0.085, 1818.746, 63001, 1251, 2
