instName, numOfJobs, numOfThreads, timeLimit, timeCost, feasible, optimal, numOfNodes, globalUB, globalLB, gap,rootUB, rootLB, timeOnRoot, timeOnCG, timeOnRMP, timeOnPP, numSolvedNodes, numPrunedByInfeasibility, numPrunedByOptimality, numPrunedByBound, numLeftNodes, numNewLabel, numDominatedLabel, numPrunedLabel, timeOnLabelLb
L_00000000 , 10 , 1 , 3600, 0.099,true, true, 3,229.000, 229.000, 0.000, 229.000, 207.778, 0.036, 0.044, 0.005, 0.025, 3, 1, 0, 1, 0,391,258,0,0.012000000000000004
L_00000001 , 10 , 1 , 3600, 0.021,true, true, 3,340.000, 340.000, 0.000, 340.000, 332.000, 0.017, 0.018, 0.002, 0.014, 3, 1, 0, 1, 0,241,153,17,0.008
L_00000002 , 10 , 1 , 3600, 0.018,true, true, 3,254.000, 254.000, 0.000, 256.000, 237.400, 0.008, 0.009, 0.001, 0.004, 3, 1, 1, 0, 0,146,76,0,0.003
L_00000003 , 10 , 1 , 3600, 0.021,true, true, 3,338.000, 338.000, 0.000, 338.000, 329.800, 0.017, 0.018, 0.004, 0.006, 3, 1, 0, 1, 0,370,206,81,0.003
L_00000004 , 10 , 1 , 3600, 0.009,true, true, 1,189.000, 189.000, 0.000, 189.000, 189.000, 0.007, 0.007, 0.003, 0.002, 1, 0, 1, 0, 0,10,0,0,0.002
L_00000005 , 10 , 1 , 3600, 0.032,true, true, 3,307.000, 307.000, 0.000, 310.000, 295.700, 0.028, 0.029, 0.009, 0.008, 3, 1, 1, 0, 0,237,143,11,0.002
L_00000006 , 10 , 1 , 3600, 0.021,true, true, 3,351.000, 351.000, 0.000, 351.000, 344.100, 0.017, 0.019, 0.006, 0.007, 3, 1, 0, 1, 0,244,120,0,0.003
L_00000007 , 10 , 1 , 3600, 0.025,true, true, 3,268.000, 268.000, 0.000, 271.000, 252.800, 0.021, 0.022, 0.004, 0.007, 3, 1, 1, 0, 0,216,103,0,0.002
L_00000008 , 10 , 1 , 3600, 0.018,true, true, 3,247.000, 247.000, 0.000, 249.000, 229.700, 0.014, 0.015, 0.005, 0.003, 3, 1, 1, 0, 0,267,152,0,0.001
L_00000009 , 10 , 1 , 3600, 0.025,true, true, 3,357.000, 357.000, 0.000, 357.000, 350.700, 0.015, 0.020, 0.001, 0.010, 3, 1, 0, 1, 0,1002,570,113,0.002
L_00000010 , 10 , 1 , 3600, 0.016,true, true, 3,251.000, 251.000, 0.000, 252.000, 234.100, 0.012, 0.013, 0.004, 0.003, 3, 1, 1, 0, 0,264,146,0,0.0
L_00000011 , 10 , 1 , 3600, 0.019,true, true, 3,300.000, 300.000, 0.000, 300.000, 288.000, 0.013, 0.016, 0.002, 0.007, 3, 1, 0, 1, 0,848,551,8,0.002
L_00000012 , 10 , 1 , 3600, 0.023,true, true, 3,238.000, 238.000, 0.000, 238.000, 218.794, 0.020, 0.021, 0.004, 0.003, 3, 1, 0, 1, 0,472,317,0,0.002
L_00000013 , 10 , 1 , 3600, 0.022,true, true, 3,236.000, 236.000, 0.000, 236.000, 214.518, 0.018, 0.018, 0.001, 0.003, 3, 1, 0, 1, 0,647,435,0,0.001
L_00000014 , 10 , 1 , 3600, 0.016,true, true, 3,240.000, 240.000, 0.000, 241.000, 222.000, 0.012, 0.012, 0.001, 0.002, 3, 1, 1, 0, 0,269,134,0,0.001
L_00000015 , 10 , 1 , 3600, 0.016,true, true, 3,226.000, 226.000, 0.000, 226.000, 203.350, 0.013, 0.013, 0.005, 0.003, 3, 1, 0, 1, 0,385,248,0,0.001
L_00000016 , 10 , 1 , 3600, 0.013,true, true, 3,279.000, 279.000, 0.000, 279.000, 264.900, 0.010, 0.011, 0.003, 0.001, 3, 1, 0, 1, 0,173,101,0,0.0
L_00000017 , 10 , 1 , 3600, 0.016,true, true, 3,367.000, 367.000, 0.000, 367.000, 361.700, 0.012, 0.013, 0.001, 0.006, 3, 1, 0, 1, 0,881,468,211,0.0
L_00000018 , 10 , 1 , 3600, 0.017,true, true, 3,285.000, 285.000, 0.000, 285.000, 271.500, 0.013, 0.015, 0.001, 0.003, 3, 1, 0, 1, 0,597,372,36,0.001
L_00000019 , 10 , 1 , 3600, 0.015,true, true, 3,264.000, 264.000, 0.000, 268.000, 248.400, 0.011, 0.012, 0.003, 0.002, 3, 1, 1, 0, 0,193,106,0,0.0
L_00000020 , 10 , 1 , 3600, 0.004,true, true, 1,196.000, 196.000, 0.000, 196.000, 196.000, 0.002, 0.002, 0.000, 0.000, 1, 0, 1, 0, 0,10,0,0,0.0
L_00000021 , 10 , 1 , 3600, 0.013,true, true, 3,322.000, 322.000, 0.000, 322.000, 312.200, 0.011, 0.011, 0.001, 0.003, 3, 1, 0, 1, 0,419,252,3,0.001
L_00000022 , 10 , 1 , 3600, 0.011,true, true, 3,257.000, 257.000, 0.000, 258.000, 240.700, 0.008, 0.008, 0.000, 0.001, 3, 1, 1, 0, 0,172,87,0,0.0
L_00000023 , 10 , 1 , 3600, 0.016,true, true, 3,336.000, 336.000, 0.000, 336.000, 327.600, 0.010, 0.014, 0.003, 0.005, 3, 1, 0, 1, 0,1406,780,151,0.001
L_00000024 , 10 , 1 , 3600, 0.013,true, true, 3,263.000, 263.000, 0.000, 263.000, 247.300, 0.011, 0.011, 0.003, 0.002, 3, 1, 0, 1, 0,382,253,0,0.0
L_00000025 , 10 , 1 , 3600, 0.012,true, true, 3,273.000, 273.000, 0.000, 275.000, 258.300, 0.010, 0.010, 0.001, 0.002, 3, 1, 1, 0, 0,215,118,38,0.0
L_00000026 , 10 , 1 , 3600, 0.013,true, true, 3,323.000, 323.000, 0.000, 323.000, 313.300, 0.010, 0.011, 0.000, 0.003, 3, 1, 0, 1, 0,987,444,83,0.001
L_00000027 , 10 , 1 , 3600, 0.005,true, true, 1,193.000, 193.000, 0.000, 193.000, 193.000, 0.003, 0.003, 0.000, 0.002, 1, 0, 1, 0, 0,10,0,0,0.0
L_00000028 , 10 , 1 , 3600, 0.012,true, true, 3,252.000, 252.000, 0.000, 252.000, 234.271, 0.009, 0.010, 0.004, 0.003, 3, 1, 0, 1, 0,896,523,0,0.0
L_00000029 , 10 , 1 , 3600, 0.012,true, true, 3,265.000, 265.000, 0.000, 266.000, 249.500, 0.009, 0.009, 0.001, 0.001, 3, 1, 1, 0, 0,225,121,0,0.0
L_00000030 , 10 , 1 , 3600, 0.015,true, true, 3,311.000, 311.000, 0.000, 311.000, 300.100, 0.011, 0.011, 0.003, 0.002, 3, 1, 0, 1, 0,330,210,28,0.0
L_00000031 , 10 , 1 , 3600, 0.017,true, true, 3,309.000, 309.000, 0.000, 310.000, 297.900, 0.013, 0.014, 0.003, 0.003, 3, 1, 1, 0, 0,275,150,0,0.0
L_00000032 , 10 , 1 , 3600, 0.014,true, true, 3,373.000, 373.000, 0.000, 373.000, 368.300, 0.010, 0.010, 0.000, 0.002, 3, 1, 0, 1, 0,287,178,16,0.001
L_00000033 , 10 , 1 , 3600, 0.012,true, true, 3,240.000, 240.000, 0.000, 240.000, 222.000, 0.009, 0.009, 0.000, 0.002, 3, 1, 0, 1, 0,198,114,0,0.0
L_00000034 , 10 , 1 , 3600, 0.005,true, true, 1,182.000, 182.000, 0.000, 182.000, 182.000, 0.002, 0.002, 0.000, 0.001, 1, 0, 1, 0, 0,10,0,0,0.0
L_00000035 , 10 , 1 , 3600, 0.013,true, true, 3,320.000, 320.000, 0.000, 325.000, 310.000, 0.010, 0.011, 0.002, 0.002, 3, 1, 1, 0, 0,375,264,4,0.0
L_00000036 , 10 , 1 , 3600, 0.015,true, true, 3,265.000, 265.000, 0.000, 265.000, 249.500, 0.011, 0.011, 0.001, 0.001, 3, 1, 0, 1, 0,180,99,0,0.001
L_00000037 , 10 , 1 , 3600, 0.014,true, true, 3,269.000, 269.000, 0.000, 269.000, 253.900, 0.011, 0.011, 0.000, 0.002, 3, 1, 0, 1, 0,146,80,0,0.001
L_00000038 , 10 , 1 , 3600, 0.015,true, true, 3,229.000, 229.000, 0.000, 229.000, 207.778, 0.009, 0.012, 0.001, 0.001, 3, 1, 0, 1, 0,479,318,0,0.0
L_00000039 , 10 , 1 , 3600, 0.014,true, true, 3,301.000, 301.000, 0.000, 308.000, 289.100, 0.010, 0.011, 0.000, 0.002, 3, 1, 1, 0, 0,176,99,13,0.0
L_00000040 , 10 , 1 , 3600, 0.013,true, true, 3,253.000, 253.000, 0.000, 253.000, 236.300, 0.010, 0.010, 0.001, 0.001, 3, 1, 0, 1, 0,174,96,0,0.0
L_00000041 , 10 , 1 , 3600, 0.013,true, true, 3,287.000, 287.000, 0.000, 292.000, 273.700, 0.009, 0.009, 0.003, 0.001, 3, 1, 1, 0, 0,293,173,17,0.001
L_00000042 , 10 , 1 , 3600, 0.014,true, true, 3,311.000, 311.000, 0.000, 311.000, 300.100, 0.010, 0.011, 0.000, 0.002, 3, 1, 0, 1, 0,177,94,0,0.0
L_00000043 , 10 , 1 , 3600, 0.015,true, true, 3,236.000, 236.000, 0.000, 245.000, 217.600, 0.011, 0.012, 0.002, 0.001, 3, 1, 1, 0, 0,141,74,0,0.0
L_00000044 , 10 , 1 , 3600, 0.014,true, true, 3,302.000, 302.000, 0.000, 304.000, 290.200, 0.011, 0.011, 0.002, 0.002, 3, 1, 1, 0, 0,463,286,0,0.001
L_00000045 , 10 , 1 , 3600, 0.022,true, true, 3,262.000, 262.000, 0.000, 266.000, 246.200, 0.015, 0.015, 0.005, 0.001, 3, 1, 1, 0, 0,204,105,0,0.0
L_00000046 , 10 , 1 , 3600, 0.005,true, true, 1,171.000, 171.000, 0.000, 171.000, 171.000, 0.002, 0.002, 0.000, 0.001, 1, 0, 1, 0, 0,10,0,0,0.0
L_00000047 , 10 , 1 , 3600, 0.005,true, true, 1,189.000, 189.000, 0.000, 189.000, 189.000, 0.002, 0.002, 0.000, 0.001, 1, 0, 1, 0, 0,10,0,0,0.0
L_00000048 , 10 , 1 , 3600, 0.017,true, true, 3,310.000, 310.000, 0.000, 315.000, 299.000, 0.012, 0.014, 0.000, 0.004, 3, 1, 1, 0, 0,636,368,24,0.001
L_00000049 , 10 , 1 , 3600, 0.018,true, true, 3,274.000, 274.000, 0.000, 277.000, 259.400, 0.011, 0.011, 0.000, 0.001, 3, 1, 1, 0, 0,466,333,2,0.0
L_00000050 , 20 , 1 , 3600, 0.017,true, true, 3,468.000, 468.000, 0.000, 468.000, 450.800, 0.013, 0.014, 0.000, 0.004, 3, 1, 0, 1, 0,1339,992,697,0.0
L_00000051 , 20 , 1 , 3600, 0.025,true, true, 3,315.000, 315.000, 0.000, 315.000, 304.500, 0.012, 0.021, 0.004, 0.008, 3, 1, 0, 1, 0,3919,3080,2621,0.001
L_00000052 , 20 , 1 , 3600, 67.327,true, false, 2643,445.000, 444.222, 0.175, 445.000, 424.400, 0.020, 66.794, 18.860, 17.388, 2132, 1, 0, 810, 511,5722511,3770750,1559777,0.7510000000000006
L_00000053 , 20 , 1 , 3600, 0.043,true, true, 11,572.000, 572.000, 0.000, 576.000, 565.200, 0.020, 0.033, 0.007, 0.015, 7, 1, 1, 0, 4,6539,4948,1414,0.003
L_00000054 , 20 , 1 , 3600, 0.040,true, true, 3,519.000, 519.000, 0.000, 522.000, 506.900, 0.032, 0.033, 0.002, 0.021, 3, 1, 1, 0, 0,5362,4335,1915,0.002
L_00000055 , 20 , 1 , 3600, 0.032,true, true, 3,540.000, 540.000, 0.000, 540.000, 530.000, 0.022, 0.027, 0.003, 0.016, 3, 1, 0, 1, 0,6198,4098,2585,0.005
L_00000056 , 20 , 1 , 3600, 0.027,true, true, 3,484.000, 484.000, 0.000, 484.000, 468.400, 0.015, 0.022, 0.003, 0.008, 3, 1, 0, 1, 0,5139,3778,2406,0.0
L_00000057 , 20 , 1 , 3600, 286.302,true, false, 26435,673.000, 672.009, 0.147, 673.000, 653.200, 0.018, 284.242, 30.413, 77.960, 16599, 1, 0, 3381, 9836,20747570,11406246,3272520,2.28199999999986
L_00000058 , 20 , 1 , 3600, 0.030,true, true, 5,545.000, 545.000, 0.000, 546.000, 535.500, 0.020, 0.024, 0.006, 0.005, 4, 1, 1, 0, 1,3776,2675,790,0.0
L_00000059 , 20 , 1 , 3600, 0.040,true, true, 7,524.000, 524.000, 0.000, 525.000, 512.400, 0.016, 0.033, 0.001, 0.020, 4, 1, 0, 0, 3,7841,6001,3917,0.003
L_00000060 , 20 , 1 , 3600, 0.022,true, true, 3,552.000, 552.000, 0.000, 552.000, 543.200, 0.015, 0.017, 0.003, 0.005, 3, 1, 0, 1, 0,3546,2536,1315,0.001
L_00000061 , 20 , 1 , 3600, 0.023,true, true, 3,549.000, 549.000, 0.000, 549.000, 539.900, 0.017, 0.019, 0.003, 0.007, 3, 1, 0, 1, 0,5242,4234,3499,0.001
L_00000062 , 20 , 1 , 3600, 0.025,true, true, 13,567.000, 567.000, 0.000, 569.000, 559.700, 0.014, 0.020, 0.005, 0.005, 8, 1, 1, 0, 5,4784,3636,1107,0.001
L_00000063 , 20 , 1 , 3600, 0.036,true, true, 5,525.000, 525.000, 0.000, 549.000, 513.500, 0.015, 0.029, 0.005, 0.017, 4, 1, 1, 0, 1,7384,5168,2450,0.0
L_00000064 , 20 , 1 , 3600, 0.021,true, true, 3,624.000, 624.000, 0.000, 624.000, 622.400, 0.014, 0.016, 0.001, 0.007, 3, 1, 0, 1, 0,3578,2700,1209,0.002
L_00000065 , 20 , 1 , 3600, 0.020,true, true, 3,551.000, 551.000, 0.000, 551.000, 542.100, 0.015, 0.016, 0.003, 0.004, 3, 1, 0, 1, 0,2301,1604,1038,0.002
L_00000066 , 20 , 1 , 3600, 0.020,true, true, 5,555.000, 555.000, 0.000, 557.000, 546.500, 0.011, 0.014, 0.005, 0.004, 3, 1, 0, 0, 2,3362,2653,876,0.0
L_00000067 , 20 , 1 , 3600, 0.029,true, true, 15,588.000, 588.000, 0.000, 590.000, 582.800, 0.014, 0.022, 0.004, 0.009, 9, 1, 1, 0, 6,6510,4558,2628,0.002
L_00000068 , 20 , 1 , 3600, 0.018,true, true, 3,402.000, 402.000, 0.000, 402.000, 400.200, 0.012, 0.013, 0.004, 0.004, 3, 1, 0, 1, 0,1118,819,332,0.001
L_00000069 , 20 , 1 , 3600, 0.018,true, true, 3,359.000, 359.000, 0.000, 359.000, 352.900, 0.012, 0.013, 0.000, 0.004, 3, 1, 0, 1, 0,2847,2222,1480,0.002
L_00000070 , 20 , 1 , 3600, 0.020,true, true, 3,511.000, 511.000, 0.000, 511.000, 498.100, 0.013, 0.015, 0.002, 0.006, 3, 1, 0, 1, 0,3939,3054,1348,0.002
L_00000071 , 20 , 1 , 3600, 0.023,true, true, 3,516.000, 516.000, 0.000, 521.000, 503.600, 0.017, 0.019, 0.003, 0.008, 3, 1, 1, 0, 0,4167,3418,2235,0.001
L_00000072 , 20 , 1 , 3600, 0.054,true, true, 9,492.000, 492.000, 0.000, 495.000, 477.200, 0.015, 0.048, 0.004, 0.033, 6, 1, 1, 0, 3,13494,10735,7051,0.004
L_00000073 , 20 , 1 , 3600, 0.020,true, true, 3,555.000, 555.000, 0.000, 555.000, 546.500, 0.014, 0.016, 0.003, 0.005, 3, 1, 0, 1, 0,3216,2360,1397,0.003
L_00000074 , 20 , 1 , 3600, 0.023,true, true, 5,588.000, 588.000, 0.000, 589.000, 582.800, 0.015, 0.018, 0.003, 0.009, 4, 1, 1, 0, 1,4902,3673,2240,0.0
L_00000075 , 20 , 1 , 3600, 0.052,true, true, 5,500.000, 500.000, 0.000, 504.000, 486.000, 0.013, 0.044, 0.002, 0.033, 4, 1, 1, 0, 1,9635,7636,2891,0.002
L_00000076 , 20 , 1 , 3600, 81.296,true, false, 3449,453.000, 452.067, 0.206, 453.000, 433.200, 0.016, 81.015, 14.121, 43.117, 1948, 1, 0, 223, 1501,8843031,6043699,1521647,1.050999999999995
L_00000077 , 20 , 1 , 3600, 0.025,true, true, 3,530.000, 530.000, 0.000, 530.000, 519.000, 0.014, 0.021, 0.006, 0.009, 3, 1, 0, 1, 0,3332,2541,739,0.0
L_00000078 , 20 , 1 , 3600, 0.025,true, true, 3,614.000, 614.000, 0.000, 614.000, 611.400, 0.018, 0.019, 0.002, 0.009, 3, 1, 0, 1, 0,4435,3447,2968,0.003
L_00000079 , 20 , 1 , 3600, 0.026,true, true, 3,595.000, 595.000, 0.000, 595.000, 590.500, 0.019, 0.020, 0.003, 0.005, 3, 1, 0, 1, 0,2384,1646,894,0.0
L_00000080 , 20 , 1 , 3600, 0.024,true, true, 5,527.000, 527.000, 0.000, 528.000, 515.700, 0.015, 0.018, 0.003, 0.007, 3, 1, 0, 0, 2,3429,2654,1251,0.002
L_00000081 , 20 , 1 , 3600, 0.066,true, true, 19,543.000, 543.000, 0.000, 547.000, 533.300, 0.015, 0.060, 0.005, 0.042, 11, 1, 0, 0, 8,12829,9983,2334,0.003
L_00000082 , 20 , 1 , 3600, 0.026,true, true, 3,619.000, 619.000, 0.000, 619.000, 616.900, 0.019, 0.022, 0.003, 0.009, 3, 1, 0, 1, 0,5362,3953,2347,0.002
L_00000083 , 20 , 1 , 3600, 0.021,true, true, 3,518.000, 518.000, 0.000, 518.000, 505.800, 0.013, 0.017, 0.001, 0.008, 3, 1, 0, 1, 0,4446,3363,2362,0.0
L_00000084 , 20 , 1 , 3600, 0.020,true, true, 3,537.000, 537.000, 0.000, 537.000, 526.700, 0.014, 0.016, 0.004, 0.005, 3, 1, 0, 1, 0,3496,2535,1775,0.001
L_00000085 , 20 , 1 , 3600, 0.041,true, true, 3,480.000, 480.000, 0.000, 480.000, 464.000, 0.013, 0.037, 0.001, 0.025, 3, 1, 0, 1, 0,7476,5132,3525,0.001
L_00000086 , 20 , 1 , 3600, 0.024,true, true, 3,517.000, 517.000, 0.000, 517.000, 504.700, 0.018, 0.019, 0.003, 0.004, 3, 1, 0, 1, 0,3012,2277,1502,0.002
L_00000087 , 20 , 1 , 3600, 73.740,true, false, 3153,449.000, 448.036, 0.215, 452.000, 428.800, 0.013, 73.512, 15.228, 34.323, 1831, 1, 0, 254, 1322,6880266,4592798,1716286,0.8950000000000007
L_00000088 , 20 , 1 , 3600, 0.024,true, true, 3,594.000, 594.000, 0.000, 594.000, 589.400, 0.017, 0.019, 0.001, 0.009, 3, 1, 0, 1, 0,4389,3348,2537,0.002
L_00000089 , 20 , 1 , 3600, 0.024,true, true, 3,615.000, 615.000, 0.000, 615.000, 612.500, 0.016, 0.020, 0.004, 0.009, 3, 1, 0, 1, 0,4858,3548,2528,0.003
L_00000090 , 20 , 1 , 3600, 0.026,true, true, 5,512.000, 512.000, 0.000, 514.000, 499.200, 0.016, 0.018, 0.004, 0.007, 3, 1, 0, 0, 2,3278,2376,1671,0.003
L_00000091 , 20 , 1 , 3600, 0.021,true, true, 3,516.000, 516.000, 0.000, 516.000, 503.600, 0.015, 0.017, 0.002, 0.007, 3, 1, 0, 1, 0,4738,3397,2809,0.003
L_00000092 , 20 , 1 , 3600, 0.020,true, true, 3,538.000, 538.000, 0.000, 538.000, 527.800, 0.012, 0.016, 0.005, 0.005, 3, 1, 0, 1, 0,3284,2577,1146,0.0
L_00000093 , 20 , 1 , 3600, 0.025,true, true, 3,516.000, 516.000, 0.000, 516.000, 503.600, 0.013, 0.021, 0.004, 0.011, 3, 1, 0, 1, 0,5763,4453,2604,0.0
L_00000094 , 20 , 1 , 3600, 0.019,true, true, 3,615.000, 615.000, 0.000, 615.000, 612.500, 0.013, 0.015, 0.003, 0.005, 3, 1, 0, 1, 0,2806,1963,954,0.001
L_00000095 , 20 , 1 , 3600, 0.049,true, true, 3,672.000, 672.000, 0.000, 672.000, 653.200, 0.014, 0.045, 0.004, 0.030, 3, 1, 0, 1, 0,13493,9073,5023,0.006
L_00000096 , 20 , 1 , 3600, 0.021,true, true, 3,580.000, 580.000, 0.000, 580.000, 574.000, 0.014, 0.016, 0.002, 0.007, 3, 1, 0, 1, 0,3760,2575,1844,0.001
L_00000097 , 20 , 1 , 3600, 0.026,true, true, 3,723.000, 723.000, 0.000, 723.000, 709.300, 0.013, 0.021, 0.002, 0.009, 3, 1, 0, 1, 0,5085,3532,1483,0.001
L_00000098 , 20 , 1 , 3600, 0.016,true, false, 3,633.000, 632.300, 0.111, 633.000, 632.300, 0.012, 0.013, 0.003, 0.003, 1, 0, 0, 0, 2,1783,1265,817,0.001
L_00000099 , 20 , 1 , 3600, 0.311,true, true, 21,451.000, 451.000, 0.000, 452.000, 432.100, 0.012, 0.304, 0.017, 0.271, 12, 1, 1, 0, 9,61134,46311,27354,0.012000000000000004
L_00000100 , 30 , 1 , 3600, 0.022,true, false, 3,858.000, 857.800, 0.023, 858.000, 857.800, 0.018, 0.018, 0.003, 0.008, 1, 0, 0, 0, 2,4029,2836,1865,0.002
L_00000101 , 30 , 1 , 3600, 0.032,true, false, 3,855.000, 854.500, 0.058, 855.000, 854.500, 0.027, 0.027, 0.004, 0.016, 1, 0, 0, 0, 2,8173,6234,4002,0.001
L_00000102 , 30 , 1 , 3600, 0.113,true, true, 19,936.000, 936.000, 0.000, 939.000, 921.600, 0.035, 0.105, 0.015, 0.080, 10, 1, 0, 0, 9,34145,26078,13801,0.007
L_00000103 , 30 , 1 , 3600, 0.056,true, true, 3,893.000, 893.000, 0.000, 893.000, 874.300, 0.023, 0.052, 0.007, 0.038, 3, 1, 0, 1, 0,18816,14314,11047,0.008
L_00000104 , 30 , 1 , 3600, 0.297,true, true, 25,726.000, 726.000, 0.000, 727.000, 712.600, 0.022, 0.289, 0.014, 0.254, 13, 1, 0, 0, 12,50755,42443,22787,0.008
L_00000105 , 30 , 1 , 3600, 0.047,true, true, 5,834.000, 834.000, -0.000, 835.000, 831.400, 0.037, 0.041, 0.006, 0.016, 3, 1, 0, 0, 2,6321,4659,2049,0.005
L_00000106 , 30 , 1 , 3600, 0.076,true, true, 3,843.000, 843.000, 0.000, 843.000, 841.300, 0.062, 0.072, 0.004, 0.021, 3, 1, 0, 1, 0,10201,7564,3908,0.003
L_00000107 , 30 , 1 , 3600, 0.109,true, true, 17,933.000, 933.000, 0.000, 941.000, 918.300, 0.026, 0.101, 0.006, 0.078, 10, 1, 1, 0, 7,31909,25147,17243,0.010000000000000002
L_00000108 , 30 , 1 , 3600, 0.038,true, true, 9,805.000, 805.000, 0.000, 807.000, 799.500, 0.020, 0.031, 0.005, 0.019, 6, 1, 1, 0, 3,11873,8645,5315,0.004
L_00000109 , 30 , 1 , 3600, 0.117,true, true, 3,897.000, 897.000, 0.000, 897.000, 878.700, 0.028, 0.112, 0.006, 0.094, 3, 1, 0, 1, 0,24072,18610,8387,0.006
L_00000110 , 30 , 1 , 3600, 0.053,true, true, 11,783.000, 783.000, 0.000, 784.000, 775.300, 0.022, 0.048, 0.007, 0.030, 6, 1, 0, 0, 5,15542,12387,4393,0.007
L_00000111 , 30 , 1 , 3600, 0.094,true, true, 5,807.000, 807.000, -0.000, 808.000, 801.700, 0.066, 0.089, 0.004, 0.077, 3, 1, 0, 0, 2,33058,27556,21003,0.007
L_00000112 , 30 , 1 , 3600, 0.038,true, true, 3,758.000, 758.000, 0.000, 758.000, 747.800, 0.021, 0.034, 0.004, 0.020, 3, 1, 0, 1, 0,10868,8169,3316,0.006
L_00000113 , 30 , 1 , 3600, 0.048,true, true, 13,782.000, 782.000, 0.000, 783.000, 774.200, 0.024, 0.043, 0.007, 0.026, 7, 1, 0, 0, 6,12646,9784,3907,0.008
L_00000114 , 30 , 1 , 3600, 0.044,true, true, 7,987.000, 987.000, 0.000, 992.000, 977.700, 0.032, 0.037, 0.002, 0.025, 4, 1, 0, 0, 3,14050,10389,7489,0.003
L_00000115 , 30 , 1 , 3600, 0.062,true, true, 19,813.000, 813.000, 0.000, 815.000, 808.300, 0.025, 0.056, 0.014, 0.032, 10, 1, 0, 0, 9,15552,11368,3272,0.004
L_00000116 , 30 , 1 , 3600, 0.062,true, true, 11,784.000, 784.000, 0.000, 786.000, 776.400, 0.030, 0.055, 0.007, 0.037, 7, 1, 1, 0, 4,20152,16270,8207,0.006
L_00000117 , 30 , 1 , 3600, 0.132,true, true, 9,900.000, 900.000, 0.000, 902.000, 882.000, 0.027, 0.127, 0.011, 0.105, 5, 1, 0, 0, 4,31022,23139,15062,0.007
L_00000118 , 30 , 1 , 3600, 0.064,true, true, 13,850.000, 850.000, 0.000, 858.000, 849.000, 0.027, 0.052, 0.010, 0.035, 7, 1, 0, 0, 6,14706,11762,5047,0.005
L_00000119 , 30 , 1 , 3600, 0.105,true, true, 37,932.000, 932.000, 0.000, 933.000, 917.200, 0.025, 0.098, 0.023, 0.055, 19, 1, 0, 0, 18,36855,26954,14972,0.007
L_00000120 , 30 , 1 , 3600, 0.080,true, true, 19,1079.000, 1079.000, 0.000, 1116.000, 1078.900, 0.048, 0.072, 0.011, 0.054, 10, 1, 0, 0, 9,20464,14053,6507,0.006
L_00000121 , 30 , 1 , 3600, 0.033,true, true, 3,817.000, 817.000, 0.000, 817.000, 812.700, 0.028, 0.030, 0.006, 0.019, 3, 1, 0, 1, 0,10658,8164,7958,0.001
L_00000122 , 30 , 1 , 3600, 0.050,true, true, 3,743.000, 743.000, 0.000, 743.000, 731.300, 0.014, 0.046, 0.007, 0.033, 3, 1, 0, 1, 0,12362,9422,3427,0.004
L_00000123 , 30 , 1 , 3600, 0.042,true, true, 5,810.000, 810.000, -0.000, 812.000, 805.000, 0.030, 0.038, 0.004, 0.025, 3, 1, 0, 0, 2,12921,9918,4633,0.006
L_00000124 , 30 , 1 , 3600, 0.046,true, true, 11,809.000, 809.000, 0.000, 810.000, 803.900, 0.016, 0.041, 0.010, 0.024, 6, 1, 0, 0, 5,12933,10129,2637,0.003
L_00000125 , 30 , 1 , 3600, 0.025,true, true, 3,847.000, 847.000, 0.000, 847.000, 845.700, 0.017, 0.021, 0.007, 0.009, 3, 1, 0, 1, 0,7096,5175,2342,0.004
L_00000126 , 30 , 1 , 3600, 0.075,true, true, 9,811.000, 811.000, 0.000, 812.000, 806.100, 0.035, 0.069, 0.005, 0.056, 5, 1, 0, 0, 4,23202,17869,11428,0.007
L_00000127 , 30 , 1 , 3600, 0.114,true, true, 3,915.000, 915.000, 0.000, 915.000, 898.500, 0.023, 0.110, 0.005, 0.095, 3, 1, 0, 1, 0,28103,22362,12701,0.005
L_00000128 , 30 , 1 , 3600, 0.059,true, true, 3,823.000, 823.000, 0.000, 823.000, 819.300, 0.053, 0.056, 0.004, 0.044, 3, 1, 0, 1, 0,22212,17990,14460,0.010000000000000002
L_00000129 , 30 , 1 , 3600, 0.029,true, true, 3,828.000, 828.000, 0.000, 828.000, 824.800, 0.018, 0.023, 0.002, 0.014, 3, 1, 0, 1, 0,7176,5536,2581,0.005
L_00000130 , 30 , 1 , 3600, 0.039,true, true, 3,833.000, 833.000, 0.000, 833.000, 830.300, 0.030, 0.035, 0.002, 0.025, 3, 1, 0, 1, 0,14674,12307,5066,0.005
L_00000131 , 30 , 1 , 3600, 0.084,true, true, 37,1044.000, 1044.000, 0.000, 1046.000, 1040.400, 0.025, 0.076, 0.007, 0.053, 19, 1, 0, 0, 18,24946,19198,8493,0.009000000000000001
L_00000132 , 30 , 1 , 3600, 0.023,true, true, 3,850.000, 850.000, 0.000, 850.000, 849.000, 0.016, 0.019, 0.004, 0.010, 3, 1, 0, 1, 0,6652,4429,3520,0.001
L_00000133 , 30 , 1 , 3600, 0.028,true, true, 3,820.000, 820.000, 0.000, 820.000, 816.000, 0.021, 0.025, 0.003, 0.013, 3, 1, 0, 1, 0,9239,6317,4657,0.003
L_00000134 , 30 , 1 , 3600, 0.626,true, true, 93,886.000, 886.000, 0.000, 893.000, 866.600, 0.026, 0.612, 0.065, 0.480, 47, 1, 0, 0, 46,149847,113486,73295,0.04000000000000003
L_00000135 , 30 , 1 , 3600, 0.183,true, true, 61,961.000, 961.000, 0.000, 962.000, 949.100, 0.022, 0.175, 0.015, 0.129, 31, 1, 0, 0, 30,54712,42999,19416,0.016000000000000007
L_00000136 , 30 , 1 , 3600, 0.036,true, true, 7,832.000, 832.000, 0.000, 833.000, 829.200, 0.017, 0.031, 0.003, 0.020, 4, 1, 0, 0, 3,12386,9332,3733,0.006
L_00000137 , 30 , 1 , 3600, 0.030,true, true, 5,801.000, 801.000, 0.000, 805.000, 795.100, 0.018, 0.024, 0.003, 0.011, 4, 1, 1, 0, 1,6962,5215,1734,0.003
L_00000138 , 30 , 1 , 3600, 0.046,true, true, 9,838.000, 838.000, 0.000, 840.000, 835.800, 0.026, 0.041, 0.007, 0.025, 5, 1, 0, 0, 4,13001,9580,4234,0.005
L_00000139 , 30 , 1 , 3600, 0.085,true, true, 7,908.000, 908.000, 0.000, 909.000, 890.800, 0.024, 0.080, 0.008, 0.061, 4, 1, 0, 0, 3,22253,17502,11098,0.004
L_00000140 , 30 , 1 , 3600, 0.037,true, true, 3,834.000, 834.000, 0.000, 834.000, 831.400, 0.029, 0.032, 0.002, 0.021, 3, 1, 0, 1, 0,10122,7522,5503,0.004
L_00000141 , 30 , 1 , 3600, 0.171,true, true, 3,680.000, 680.000, 0.000, 680.000, 662.000, 0.015, 0.167, 0.005, 0.153, 3, 1, 0, 1, 0,42847,33942,33721,0.009000000000000001
L_00000142 , 30 , 1 , 3600, 0.086,true, true, 5,713.000, 713.000, 0.000, 714.000, 698.300, 0.024, 0.081, 0.002, 0.069, 3, 1, 0, 0, 2,28378,22818,16263,0.005
L_00000143 , 30 , 1 , 3600, 0.053,true, true, 3,755.000, 755.000, 0.000, 755.000, 744.500, 0.017, 0.049, 0.007, 0.033, 3, 1, 0, 1, 0,17059,13109,7675,0.003
L_00000144 , 30 , 1 , 3600, 0.061,true, true, 3,775.000, 775.000, 0.000, 775.000, 766.500, 0.021, 0.057, 0.003, 0.044, 3, 1, 0, 1, 0,13312,10534,3408,0.007
L_00000145 , 30 , 1 , 3600, 0.056,true, true, 7,789.000, 789.000, 0.000, 791.000, 781.900, 0.032, 0.050, 0.002, 0.036, 5, 1, 1, 0, 2,17282,13689,9051,0.003
L_00000146 , 30 , 1 , 3600, 0.056,true, true, 11,836.000, 836.000, 0.000, 838.000, 833.600, 0.023, 0.051, 0.005, 0.035, 6, 1, 0, 0, 5,12635,9307,3978,0.005
L_00000147 , 30 , 1 , 3600, 0.131,true, true, 23,772.000, 772.000, 0.000, 776.000, 763.200, 0.028, 0.123, 0.010, 0.099, 12, 1, 0, 0, 11,43355,35100,23173,0.010000000000000002
L_00000148 , 30 , 1 , 3600, 0.033,true, true, 5,825.000, 825.000, 0.000, 832.000, 821.500, 0.019, 0.029, 0.007, 0.015, 3, 1, 0, 0, 2,10620,8178,3770,0.003
L_00000149 , 30 , 1 , 3600, 0.046,true, true, 5,814.000, 814.000, 0.000, 815.000, 809.400, 0.036, 0.041, 0.002, 0.029, 3, 1, 0, 0, 2,12366,9865,5672,0.005
L_00000150 , 40 , 1 , 3600, 0.113,true, true, 3,1220.000, 1220.000, 0.000, 1220.000, 1212.000, 0.086, 0.110, 0.007, 0.091, 3, 1, 0, 1, 0,22323,16469,9487,0.056000000000000036
L_00000151 , 40 , 1 , 3600, 0.362,true, true, 35,1140.000, 1140.000, 0.000, 1143.000, 1124.000, 0.051, 0.343, 0.031, 0.283, 18, 1, 0, 0, 17,90630,74356,57926,0.046000000000000034
L_00000152 , 40 , 1 , 3600, 0.067,true, true, 3,1049.000, 1049.000, 0.000, 1049.000, 1045.900, 0.033, 0.063, 0.008, 0.045, 3, 1, 0, 1, 0,19293,14523,6103,0.006
L_00000153 , 40 , 1 , 3600, 0.113,true, true, 3,1151.000, 1151.000, 0.000, 1151.000, 1136.100, 0.049, 0.109, 0.010, 0.090, 3, 1, 0, 1, 0,28122,21711,9855,0.011000000000000003
L_00000154 , 40 , 1 , 3600, 0.221,true, true, 23,988.000, 988.000, 0.000, 989.000, 978.800, 0.034, 0.210, 0.024, 0.176, 12, 1, 0, 0, 11,48353,37387,22283,0.025000000000000015
L_00000155 , 40 , 1 , 3600, 0.145,true, true, 7,1186.000, 1186.000, 0.000, 1188.000, 1174.600, 0.057, 0.137, 0.010, 0.114, 4, 1, 0, 0, 3,38826,30448,15431,0.024000000000000014
L_00000156 , 40 , 1 , 3600, 0.086,true, true, 3,1162.000, 1162.000, 0.000, 1162.000, 1148.200, 0.061, 0.082, 0.010, 0.062, 3, 1, 0, 1, 0,28188,20347,14307,0.012000000000000004
L_00000157 , 40 , 1 , 3600, 0.126,true, true, 17,1247.000, 1247.000, 0.000, 1250.000, 1241.700, 0.051, 0.118, 0.011, 0.091, 9, 1, 0, 0, 8,32579,23688,10276,0.027000000000000017
L_00000158 , 40 , 1 , 3600, 0.075,true, true, 3,1174.000, 1174.000, 0.000, 1174.000, 1161.400, 0.034, 0.072, 0.008, 0.054, 3, 1, 0, 1, 0,23750,18209,12612,0.015000000000000006
L_00000159 , 40 , 1 , 3600, 0.110,true, true, 3,1198.000, 1198.000, 0.000, 1198.000, 1187.800, 0.068, 0.106, 0.012, 0.087, 3, 1, 0, 1, 0,29610,22876,11473,0.023000000000000013
L_00000160 , 40 , 1 , 3600, 0.729,true, true, 47,1323.000, 1323.000, 0.000, 1325.000, 1303.300, 0.101, 0.707, 0.057, 0.615, 24, 1, 0, 0, 23,190913,152876,116595,0.06100000000000005
L_00000161 , 40 , 1 , 3600, 0.077,true, true, 9,1024.000, 1024.000, 0.000, 1026.000, 1018.400, 0.035, 0.069, 0.015, 0.042, 5, 1, 0, 0, 4,22644,16811,10091,0.012000000000000004
L_00000162 , 40 , 1 , 3600, 0.268,true, true, 13,1133.000, 1133.000, 0.000, 1134.000, 1116.300, 0.062, 0.258, 0.020, 0.220, 7, 1, 0, 0, 6,75332,61183,51029,0.035000000000000024
L_00000163 , 40 , 1 , 3600, 0.296,true, true, 7,1130.000, 1130.000, 0.000, 1131.000, 1113.000, 0.063, 0.291, 0.011, 0.268, 4, 1, 0, 0, 3,100046,84660,76743,0.048000000000000036
L_00000164 , 40 , 1 , 3600, 0.089,true, true, 9,1158.000, 1158.000, 0.000, 1165.000, 1143.800, 0.046, 0.084, 0.015, 0.061, 5, 1, 0, 0, 4,31917,24909,17327,0.015000000000000006
L_00000165 , 40 , 1 , 3600, 0.239,true, true, 3,1117.000, 1117.000, 0.000, 1117.000, 1098.700, 0.031, 0.235, 0.018, 0.203, 3, 1, 0, 1, 0,46545,35235,27499,0.024000000000000014
L_00000166 , 40 , 1 , 3600, 0.097,true, true, 3,1055.000, 1055.000, 0.000, 1055.000, 1052.500, 0.028, 0.093, 0.007, 0.073, 3, 1, 0, 1, 0,25213,19655,12116,0.017000000000000008
L_00000167 , 40 , 1 , 3600, 0.257,true, true, 25,1286.000, 1286.000, 0.000, 1288.000, 1284.600, 0.096, 0.233, 0.030, 0.170, 13, 1, 0, 0, 12,40063,30445,11638,0.04800000000000003
L_00000168 , 40 , 1 , 3600, 0.198,true, true, 3,1246.000, 1246.000, 0.000, 1246.000, 1240.600, 0.075, 0.191, 0.019, 0.151, 3, 1, 0, 1, 0,36230,28966,13039,0.022000000000000013
L_00000169 , 40 , 1 , 3600, 0.125,true, true, 7,1044.000, 1044.000, 0.000, 1045.000, 1040.400, 0.042, 0.118, 0.005, 0.099, 4, 1, 0, 0, 3,33206,28039,14583,0.02000000000000001
L_00000170 , 40 , 1 , 3600, 0.065,true, true, 3,1022.000, 1022.000, 0.000, 1022.000, 1016.200, 0.041, 0.061, 0.008, 0.046, 3, 1, 0, 1, 0,18541,14409,7190,0.011000000000000003
L_00000171 , 40 , 1 , 3600, 0.098,true, true, 7,1079.000, 1079.000, 0.000, 1080.000, 1078.900, 0.048, 0.092, 0.009, 0.073, 4, 1, 0, 0, 3,25576,19610,12901,0.012000000000000004
L_00000172 , 40 , 1 , 3600, 0.206,true, true, 13,1176.000, 1176.000, 0.000, 1177.000, 1163.600, 0.065, 0.197, 0.012, 0.174, 7, 1, 0, 0, 6,55631,45024,28266,0.02100000000000001
L_00000173 , 40 , 1 , 3600, 0.077,true, true, 7,1074.000, 1074.000, 0.000, 1076.000, 1073.400, 0.036, 0.071, 0.009, 0.055, 4, 1, 0, 0, 3,24007,19265,7131,0.011000000000000003
L_00000174 , 40 , 1 , 3600, 0.186,true, true, 3,1111.000, 1111.000, 0.000, 1111.000, 1092.100, 0.058, 0.182, 0.012, 0.157, 3, 1, 0, 1, 0,48417,36571,27051,0.026000000000000016
L_00000175 , 40 , 1 , 3600, 0.150,true, true, 3,1113.000, 1113.000, 0.000, 1113.000, 1094.300, 0.030, 0.146, 0.011, 0.124, 3, 1, 0, 1, 0,41597,32531,22990,0.010000000000000002
L_00000176 , 40 , 1 , 3600, 0.104,true, true, 7,1005.000, 1005.000, 0.000, 1010.000, 997.500, 0.035, 0.098, 0.004, 0.084, 4, 1, 0, 0, 3,24587,19802,5335,0.016000000000000007
L_00000177 , 40 , 1 , 3600, 0.072,true, true, 3,1181.000, 1181.000, 0.000, 1181.000, 1169.100, 0.038, 0.069, 0.006, 0.052, 3, 1, 0, 1, 0,26543,21294,11980,0.008
L_00000178 , 40 , 1 , 3600, 0.493,true, true, 37,1139.000, 1139.000, 0.000, 1140.000, 1122.900, 0.079, 0.480, 0.030, 0.416, 19, 1, 0, 0, 18,111277,93417,63790,0.03900000000000003
L_00000179 , 40 , 1 , 3600, 0.116,true, true, 3,1203.000, 1203.000, 0.000, 1203.000, 1193.300, 0.071, 0.112, 0.006, 0.095, 3, 1, 0, 1, 0,35456,27001,16347,0.016000000000000004
L_00000180 , 40 , 1 , 3600, 0.094,true, true, 7,1058.000, 1058.000, 0.000, 1059.000, 1055.800, 0.037, 0.088, 0.007, 0.072, 4, 1, 0, 0, 3,30537,24792,12875,0.010000000000000002
L_00000181 , 40 , 1 , 3600, 0.100,true, true, 9,1290.000, 1290.000, 0.000, 1292.000, 1289.000, 0.052, 0.094, 0.010, 0.075, 5, 1, 0, 0, 4,32458,24475,15521,0.015000000000000006
L_00000182 , 40 , 1 , 3600, 0.061,true, true, 5,1238.000, 1238.000, 0.000, 1239.000, 1231.800, 0.041, 0.054, 0.004, 0.041, 4, 1, 1, 0, 1,21388,15973,5756,0.011000000000000003
L_00000183 , 40 , 1 , 3600, 0.142,true, true, 5,1109.000, 1109.000, 0.000, 1111.000, 1089.900, 0.032, 0.137, 0.012, 0.118, 3, 1, 0, 0, 2,43061,34051,29854,0.02100000000000001
L_00000184 , 40 , 1 , 3600, 0.069,true, true, 9,1062.000, 1062.000, 0.000, 1063.000, 1060.200, 0.037, 0.063, 0.007, 0.046, 5, 1, 0, 0, 4,19051,14675,8263,0.012000000000000004
L_00000185 , 40 , 1 , 3600, 0.081,true, true, 3,1047.000, 1047.000, 0.000, 1047.000, 1043.700, 0.062, 0.078, 0.005, 0.064, 3, 1, 0, 1, 0,22131,16872,9012,0.007
L_00000186 , 40 , 1 , 3600, 0.206,true, true, 21,1025.000, 1025.000, 0.000, 1026.000, 1019.500, 0.046, 0.198, 0.018, 0.168, 11, 1, 0, 0, 10,41422,34415,14096,0.028000000000000018
L_00000187 , 40 , 1 , 3600, 0.146,true, true, 7,967.000, 967.000, 0.000, 971.000, 955.700, 0.040, 0.141, 0.012, 0.120, 4, 1, 0, 0, 3,37768,31673,6082,0.010000000000000002
L_00000188 , 40 , 1 , 3600, 0.720,true, true, 39,1138.000, 1138.000, 0.000, 1141.000, 1121.800, 0.047, 0.703, 0.046, 0.633, 20, 1, 0, 0, 19,125977,103150,56745,0.047000000000000035
L_00000189 , 40 , 1 , 3600, 0.291,true, true, 19,1171.000, 1171.000, 0.000, 1172.000, 1158.100, 0.054, 0.283, 0.017, 0.249, 10, 1, 0, 0, 9,73392,59560,46898,0.035000000000000024
L_00000190 , 40 , 1 , 3600, 0.043,true, false, 3,1075.000, 1074.500, 0.047, 1075.000, 1074.500, 0.039, 0.039, 0.004, 0.030, 1, 0, 0, 0, 2,14302,11041,8725,0.006
L_00000191 , 40 , 1 , 3600, 0.294,true, true, 37,1000.000, 1000.000, 0.000, 1002.000, 992.000, 0.046, 0.287, 0.019, 0.245, 19, 1, 0, 0, 18,67289,54347,30433,0.01800000000000001
L_00000192 , 40 , 1 , 3600, 0.241,true, true, 25,1197.000, 1197.000, 0.000, 1203.000, 1186.700, 0.050, 0.231, 0.013, 0.197, 13, 1, 0, 0, 12,54838,42464,20466,0.015000000000000006
L_00000193 , 40 , 1 , 3600, 0.098,true, true, 21,1224.000, 1224.000, 0.000, 1226.000, 1216.400, 0.050, 0.090, 0.007, 0.069, 11, 1, 0, 0, 10,29372,23186,10681,0.013000000000000005
L_00000194 , 40 , 1 , 3600, 0.213,true, true, 27,1170.000, 1170.000, 0.000, 1175.000, 1157.000, 0.029, 0.201, 0.018, 0.162, 14, 1, 0, 0, 13,47641,37272,19949,0.012000000000000004
L_00000195 , 40 , 1 , 3600, 0.079,true, true, 3,939.000, 939.000, 0.000, 939.000, 924.900, 0.033, 0.075, 0.008, 0.061, 3, 1, 0, 1, 0,27755,22195,14920,0.013000000000000005
L_00000196 , 40 , 1 , 3600, 0.082,true, true, 3,1126.000, 1126.000, 0.000, 1126.000, 1108.600, 0.046, 0.079, 0.011, 0.058, 3, 1, 0, 1, 0,31716,23706,17606,0.014000000000000005
L_00000197 , 40 , 1 , 3600, 0.053,true, true, 3,1015.000, 1015.000, 0.000, 1015.000, 1008.500, 0.038, 0.049, 0.007, 0.035, 3, 1, 0, 1, 0,15369,12099,5691,0.009000000000000001
L_00000198 , 40 , 1 , 3600, 0.071,true, true, 7,1236.000, 1236.000, 0.000, 1237.000, 1229.600, 0.058, 0.066, 0.009, 0.050, 4, 1, 0, 0, 3,22121,16993,9801,0.012000000000000004
L_00000199 , 40 , 1 , 3600, 0.162,true, true, 17,1200.000, 1200.000, 0.000, 1206.000, 1190.000, 0.073, 0.154, 0.016, 0.127, 9, 1, 0, 0, 8,55894,44765,26247,0.01900000000000001
L_00000200 , 50 , 1 , 3600, 0.285,true, true, 5,1593.000, 1593.000, 0.000, 1602.000, 1578.300, 0.072, 0.276, 0.010, 0.254, 3, 1, 0, 0, 2,71854,59298,47327,0.03100000000000002
L_00000201 , 50 , 1 , 3600, 0.238,true, true, 5,1545.000, 1545.000, 0.000, 1546.000, 1525.500, 0.090, 0.231, 0.029, 0.192, 3, 1, 0, 0, 2,95794,73239,59241,0.04300000000000003
L_00000202 , 50 , 1 , 3600, 0.102,true, true, 3,1276.000, 1276.000, 0.000, 1276.000, 1273.600, 0.079, 0.098, 0.009, 0.079, 3, 1, 0, 1, 0,33368,25815,15387,0.01900000000000001
L_00000203 , 50 , 1 , 3600, 0.106,true, true, 7,1450.000, 1450.000, 0.000, 1453.000, 1443.000, 0.072, 0.099, 0.006, 0.079, 4, 1, 0, 0, 3,36033,26272,15576,0.015000000000000006
L_00000204 , 50 , 1 , 3600, 0.133,true, true, 3,1505.000, 1505.000, 0.000, 1505.000, 1503.500, 0.089, 0.129, 0.011, 0.106, 3, 1, 0, 1, 0,40282,30744,12926,0.03100000000000002
L_00000205 , 50 , 1 , 3600, 0.163,true, true, 3,1385.000, 1385.000, 0.000, 1385.000, 1371.500, 0.079, 0.158, 0.011, 0.138, 3, 1, 0, 1, 0,51334,39679,27394,0.022000000000000013
L_00000206 , 50 , 1 , 3600, 1.275,true, true, 193,1606.000, 1606.000, 0.000, 1608.000, 1592.600, 0.065, 1.177, 0.128, 0.838, 97, 1, 0, 0, 96,222514,186412,85454,0.12500000000000008
L_00000207 , 50 , 1 , 3600, 0.810,true, true, 37,1348.000, 1348.000, 0.000, 1349.000, 1330.800, 0.212, 0.787, 0.072, 0.662, 19, 1, 0, 0, 18,182924,150522,95069,0.06600000000000004
L_00000208 , 50 , 1 , 3600, 0.155,true, true, 3,1219.000, 1219.000, 0.000, 1219.000, 1210.900, 0.054, 0.150, 0.016, 0.123, 3, 1, 0, 1, 0,48221,39349,17714,0.024000000000000014
L_00000209 , 50 , 1 , 3600, 0.098,true, true, 5,1239.000, 1239.000, -0.000, 1240.000, 1232.900, 0.050, 0.091, 0.009, 0.069, 4, 1, 1, 0, 1,29767,22964,13044,0.014000000000000005
L_00000210 , 50 , 1 , 3600, 0.226,true, true, 11,1501.000, 1501.000, 0.000, 1503.000, 1499.100, 0.115, 0.217, 0.015, 0.188, 6, 1, 0, 0, 5,61973,48025,30918,0.026000000000000016
L_00000211 , 50 , 1 , 3600, 0.207,true, true, 25,1214.000, 1214.000, 0.000, 1215.000, 1205.400, 0.051, 0.188, 0.022, 0.145, 13, 1, 0, 0, 12,54682,43617,23869,0.023000000000000013
L_00000212 , 50 , 1 , 3600, 0.213,true, true, 3,1389.000, 1389.000, 0.000, 1389.000, 1375.900, 0.067, 0.208, 0.013, 0.186, 3, 1, 0, 1, 0,55538,44876,20497,0.035000000000000024
L_00000213 , 50 , 1 , 3600, 0.101,true, true, 5,1459.000, 1459.000, 0.000, 1460.000, 1452.900, 0.055, 0.092, 0.009, 0.073, 3, 1, 0, 0, 2,29352,22579,9922,0.016000000000000007
L_00000214 , 50 , 1 , 3600, 2.656,true, true, 169,1367.000, 1367.000, 0.000, 1368.000, 1351.700, 0.082, 2.571, 0.162, 2.195, 85, 1, 0, 0, 84,402866,347446,217701,0.17700000000000013
L_00000215 , 50 , 1 , 3600, 0.978,true, true, 69,1551.000, 1551.000, 0.000, 1552.000, 1532.100, 0.091, 0.930, 0.098, 0.737, 35, 1, 0, 0, 34,193931,156611,106082,0.08300000000000006
L_00000216 , 50 , 1 , 3600, 0.117,true, false, 3,1299.000, 1298.900, 0.008, 1299.000, 1298.900, 0.113, 0.114, 0.007, 0.100, 1, 0, 0, 0, 2,43743,32233,29600,0.013000000000000005
L_00000217 , 50 , 1 , 3600, 0.123,true, true, 3,1448.000, 1448.000, 0.000, 1448.000, 1440.800, 0.101, 0.119, 0.009, 0.102, 3, 1, 0, 1, 0,40191,31403,19585,0.02100000000000001
L_00000218 , 50 , 1 , 3600, 2.854,true, true, 139,1552.000, 1552.000, 0.000, 1554.000, 1533.200, 0.067, 2.763, 0.180, 2.386, 70, 1, 0, 0, 69,436565,381858,248601,0.22100000000000017
L_00000219 , 50 , 1 , 3600, 0.671,true, true, 29,1433.000, 1433.000, 0.000, 1435.000, 1424.300, 0.231, 0.649, 0.039, 0.582, 15, 1, 0, 0, 14,152819,126240,92925,0.06200000000000005
L_00000220 , 50 , 1 , 3600, 0.155,true, true, 17,1492.000, 1492.000, 0.000, 1498.000, 1489.200, 0.073, 0.145, 0.010, 0.120, 9, 1, 0, 0, 8,47676,35979,21933,0.024000000000000014
L_00000221 , 50 , 1 , 3600, 1.314,true, true, 103,1556.000, 1556.000, 0.000, 1558.000, 1537.600, 0.074, 1.252, 0.148, 0.966, 52, 1, 0, 0, 51,260292,218614,127832,0.1210000000000001
L_00000222 , 50 , 1 , 3600, 0.164,true, true, 9,1368.000, 1368.000, -0.000, 1370.000, 1352.800, 0.044, 0.156, 0.021, 0.122, 5, 1, 0, 0, 4,52314,41451,27350,0.023000000000000013
L_00000223 , 50 , 1 , 3600, 1.230,true, true, 107,1370.000, 1370.000, 0.000, 1373.000, 1355.000, 0.059, 1.166, 0.105, 0.963, 54, 1, 0, 0, 53,255912,214372,150602,0.12800000000000009
L_00000224 , 50 , 1 , 3600, 0.096,true, true, 7,1520.000, 1520.000, 0.000, 1545.000, 1520.000, 0.066, 0.089, 0.012, 0.069, 3, 0, 0, 0, 4,33583,24944,13342,0.012000000000000004
L_00000225 , 50 , 1 , 3600, 0.194,true, true, 35,1502.000, 1502.000, 0.000, 1506.000, 1500.200, 0.073, 0.178, 0.020, 0.133, 18, 1, 0, 0, 17,50451,38123,20310,0.02900000000000002
L_00000226 , 50 , 1 , 3600, 0.156,true, true, 11,1280.000, 1280.000, 0.000, 1283.000, 1278.000, 0.103, 0.149, 0.012, 0.121, 6, 1, 0, 0, 5,49690,38156,19643,0.024000000000000014
L_00000227 , 50 , 1 , 3600, 0.734,true, true, 83,1623.000, 1623.000, 0.000, 1632.000, 1611.300, 0.064, 0.687, 0.055, 0.563, 42, 1, 0, 0, 41,156183,125250,67773,0.08100000000000006
L_00000228 , 50 , 1 , 3600, 0.196,true, true, 5,1356.000, 1356.000, -0.000, 1359.000, 1339.600, 0.084, 0.188, 0.020, 0.160, 3, 1, 0, 0, 2,58641,47753,29393,0.03400000000000002
L_00000229 , 50 , 1 , 3600, 0.130,true, true, 3,1394.000, 1394.000, 0.000, 1394.000, 1381.400, 0.081, 0.124, 0.008, 0.106, 3, 1, 0, 1, 0,49676,38333,31917,0.016000000000000007
L_00000230 , 50 , 1 , 3600, 0.125,true, true, 3,1415.000, 1415.000, 0.000, 1415.000, 1404.500, 0.086, 0.121, 0.012, 0.101, 3, 1, 0, 1, 0,44814,33767,26874,0.01800000000000001
L_00000231 , 50 , 1 , 3600, 0.228,true, true, 3,1157.000, 1157.000, 0.000, 1157.000, 1142.700, 0.056, 0.224, 0.012, 0.199, 3, 1, 0, 1, 0,65667,51911,40353,0.03000000000000002
L_00000232 , 50 , 1 , 3600, 0.165,true, true, 7,1291.000, 1291.000, 0.000, 1293.000, 1290.100, 0.084, 0.158, 0.013, 0.134, 4, 1, 0, 0, 3,42945,35636,19851,0.02100000000000001
L_00000233 , 50 , 1 , 3600, 0.147,true, true, 5,1247.000, 1247.000, 0.000, 1248.000, 1241.700, 0.059, 0.141, 0.012, 0.119, 3, 1, 0, 0, 2,42116,33971,19056,0.023000000000000013
L_00000234 , 50 , 1 , 3600, 1.444,true, true, 145,1581.000, 1581.000, 0.000, 1605.000, 1565.100, 0.093, 1.370, 0.119, 1.094, 73, 1, 0, 0, 72,283473,237238,131462,0.11700000000000009
L_00000235 , 50 , 1 , 3600, 0.153,true, true, 3,1246.000, 1246.000, 0.000, 1246.000, 1240.600, 0.046, 0.149, 0.008, 0.131, 3, 1, 0, 1, 0,42799,33868,17151,0.022000000000000013
L_00000236 , 50 , 1 , 3600, 0.116,true, true, 7,1431.000, 1431.000, 0.000, 1432.000, 1422.100, 0.073, 0.108, 0.013, 0.085, 4, 1, 0, 0, 3,41071,31968,17708,0.016000000000000007
L_00000237 , 50 , 1 , 3600, 0.513,true, true, 19,1357.000, 1357.000, 0.000, 1359.000, 1340.700, 0.067, 0.499, 0.027, 0.450, 10, 1, 0, 0, 9,133471,113574,88866,0.04500000000000003
L_00000238 , 50 , 1 , 3600, 0.130,true, true, 3,1361.000, 1361.000, 0.000, 1361.000, 1345.100, 0.079, 0.126, 0.014, 0.102, 3, 1, 0, 1, 0,45919,32827,23371,0.027000000000000017
L_00000239 , 50 , 1 , 3600, 0.423,true, true, 15,1480.000, 1480.000, 0.000, 1481.000, 1476.000, 0.181, 0.415, 0.019, 0.367, 8, 1, 0, 0, 7,87178,71755,32017,0.04200000000000003
L_00000240 , 50 , 1 , 3600, 0.181,true, true, 11,1492.000, 1492.000, 0.000, 1497.000, 1489.200, 0.100, 0.173, 0.011, 0.148, 6, 1, 0, 0, 5,47161,35996,18877,0.025000000000000015
L_00000241 , 50 , 1 , 3600, 0.315,true, true, 37,1469.000, 1469.000, 0.000, 1474.000, 1463.900, 0.072, 0.297, 0.024, 0.245, 19, 1, 0, 0, 18,89521,72305,43326,0.037000000000000026
L_00000242 , 50 , 1 , 3600, 0.151,true, true, 3,1393.000, 1393.000, 0.000, 1393.000, 1380.300, 0.068, 0.148, 0.013, 0.123, 3, 1, 0, 1, 0,49690,40269,24858,0.023000000000000013
L_00000243 , 50 , 1 , 3600, 0.348,true, true, 25,1484.000, 1484.000, 0.000, 1485.000, 1480.400, 0.090, 0.334, 0.024, 0.287, 13, 1, 0, 0, 12,90002,71503,37716,0.047000000000000035
L_00000244 , 50 , 1 , 3600, 0.143,true, true, 3,1355.000, 1355.000, 0.000, 1355.000, 1338.500, 0.058, 0.139, 0.017, 0.112, 3, 1, 0, 1, 0,58916,45522,34127,0.023000000000000013
L_00000245 , 50 , 1 , 3600, 0.206,true, true, 23,1436.000, 1436.000, 0.000, 1437.000, 1427.600, 0.075, 0.192, 0.026, 0.147, 12, 1, 0, 0, 11,63664,47025,30828,0.04100000000000003
L_00000246 , 50 , 1 , 3600, 0.245,true, true, 9,1518.000, 1518.000, 0.000, 1546.000, 1517.800, 0.192, 0.237, 0.010, 0.219, 5, 1, 0, 0, 4,64756,49978,45293,0.026000000000000016
L_00000247 , 50 , 1 , 3600, 0.758,true, true, 31,1554.000, 1554.000, 0.000, 1557.000, 1535.400, 0.068, 0.737, 0.045, 0.657, 16, 1, 0, 0, 15,185622,152101,114078,0.08900000000000007
L_00000248 , 50 , 1 , 3600, 0.175,true, true, 31,1491.000, 1491.000, 0.000, 1492.000, 1488.100, 0.063, 0.162, 0.012, 0.125, 16, 1, 0, 0, 15,57186,44932,20012,0.03000000000000002
L_00000249 , 50 , 1 , 3600, 0.125,true, true, 5,1448.000, 1448.000, 0.000, 1449.000, 1440.800, 0.078, 0.119, 0.012, 0.100, 3, 1, 0, 0, 2,39198,30177,9989,0.015000000000000006
L_00000250 , 60 , 1 , 3600, 0.122,true, true, 3,1891.000, 1891.000, 0.000, 1891.000, 1884.100, 0.101, 0.118, 0.010, 0.095, 3, 1, 0, 1, 0,40406,27712,18340,0.022000000000000013
L_00000251 , 60 , 1 , 3600, 0.473,true, true, 7,1618.000, 1618.000, 0.000, 1620.000, 1605.800, 0.215, 0.466, 0.019, 0.432, 4, 1, 0, 0, 3,131101,108748,83968,0.059000000000000045
L_00000252 , 60 , 1 , 3600, 1.388,true, true, 75,1653.000, 1653.000, 0.000, 1654.000, 1644.300, 0.107, 1.334, 0.077, 1.146, 38, 1, 0, 0, 37,235646,202619,119789,0.12700000000000009
L_00000253 , 60 , 1 , 3600, 3.202,true, true, 179,1575.000, 1575.000, 0.000, 1577.000, 1558.500, 0.162, 3.066, 0.269, 2.373, 90, 1, 0, 0, 89,638688,557797,421243,0.33000000000000024
L_00000254 , 60 , 1 , 3600, 0.489,true, true, 45,1937.000, 1937.000, 0.000, 1939.000, 1934.700, 0.095, 0.455, 0.037, 0.349, 23, 1, 0, 0, 22,101800,79282,35999,0.06100000000000005
L_00000255 , 60 , 1 , 3600, 0.268,true, true, 3,1631.000, 1631.000, 0.000, 1631.000, 1620.100, 0.150, 0.264, 0.025, 0.230, 3, 1, 0, 1, 0,76819,58471,42720,0.026000000000000016
L_00000256 , 60 , 1 , 3600, 0.188,true, true, 9,1647.000, 1647.000, -0.000, 1655.000, 1637.700, 0.094, 0.180, 0.016, 0.148, 5, 1, 0, 0, 4,58501,45251,28351,0.04100000000000003
L_00000257 , 60 , 1 , 3600, 0.386,true, true, 5,1797.000, 1797.000, 0.000, 1799.000, 1780.700, 0.156, 0.380, 0.024, 0.343, 3, 1, 0, 0, 2,99602,78955,49954,0.05600000000000004
L_00000258 , 60 , 1 , 3600, 0.219,true, true, 9,1635.000, 1635.000, 0.000, 1636.000, 1624.500, 0.105, 0.209, 0.019, 0.172, 5, 1, 0, 0, 4,70840,54239,39331,0.03100000000000002
L_00000259 , 60 , 1 , 3600, 0.194,true, true, 3,1499.000, 1499.000, 0.000, 1499.000, 1496.900, 0.093, 0.190, 0.015, 0.167, 3, 1, 0, 1, 0,55788,43094,24471,0.02900000000000002
L_00000260 , 60 , 1 , 3600, 0.303,true, true, 3,1670.000, 1670.000, 0.000, 1670.000, 1663.000, 0.198, 0.299, 0.013, 0.274, 3, 1, 0, 1, 0,96219,77083,57375,0.04200000000000003
L_00000261 , 60 , 1 , 3600, 2.831,true, true, 183,1793.000, 1793.000, 0.000, 1799.000, 1776.300, 0.128, 2.688, 0.221, 2.145, 92, 1, 0, 0, 91,459912,388903,253624,0.23800000000000018
L_00000262 , 60 , 1 , 3600, 0.488,true, true, 27,1672.000, 1672.000, -0.000, 1673.000, 1665.200, 0.098, 0.468, 0.029, 0.404, 14, 1, 0, 0, 13,111122,91997,46808,0.08000000000000006
L_00000263 , 60 , 1 , 3600, 0.211,true, true, 3,1614.000, 1614.000, 0.000, 1614.000, 1601.400, 0.095, 0.207, 0.018, 0.179, 3, 1, 0, 1, 0,66431,51765,24039,0.03300000000000002
L_00000264 , 60 , 1 , 3600, 0.309,true, true, 3,1637.000, 1637.000, 0.000, 1637.000, 1626.700, 0.218, 0.303, 0.019, 0.272, 3, 1, 0, 1, 0,82583,63529,40682,0.03800000000000003
L_00000265 , 60 , 1 , 3600, 0.523,true, true, 7,1813.000, 1813.000, 0.000, 1815.000, 1798.300, 0.161, 0.514, 0.033, 0.467, 4, 1, 0, 0, 3,106429,86288,50722,0.07000000000000005
L_00000266 , 60 , 1 , 3600, 0.272,true, true, 9,1859.000, 1859.000, 0.000, 1860.000, 1848.900, 0.114, 0.262, 0.018, 0.227, 5, 1, 0, 0, 4,75051,57396,35656,0.04900000000000004
L_00000267 , 60 , 1 , 3600, 0.288,true, true, 3,1615.000, 1615.000, 0.000, 1615.000, 1602.500, 0.230, 0.284, 0.019, 0.252, 3, 1, 0, 1, 0,72123,56041,34886,0.03400000000000002
L_00000268 , 60 , 1 , 3600, 0.240,true, true, 3,1727.000, 1727.000, 0.000, 1727.000, 1725.700, 0.157, 0.236, 0.015, 0.208, 3, 1, 0, 1, 0,72313,56375,30088,0.04100000000000003
L_00000269 , 60 , 1 , 3600, 1.751,true, true, 83,1794.000, 1794.000, 0.000, 1795.000, 1777.400, 0.124, 1.666, 0.141, 1.342, 42, 1, 0, 0, 41,311250,260822,175431,0.16600000000000012
L_00000270 , 60 , 1 , 3600, 1.951,true, true, 33,1552.000, 1552.000, 0.000, 1553.000, 1533.200, 0.197, 1.911, 0.113, 1.728, 17, 1, 0, 0, 16,353327,316807,193112,0.22300000000000017
L_00000271 , 60 , 1 , 3600, 0.534,true, true, 3,1559.000, 1559.000, 0.000, 1559.000, 1540.900, 0.120, 0.530, 0.068, 0.449, 3, 1, 0, 1, 0,160833,129627,89045,0.060000000000000046
L_00000272 , 60 , 1 , 3600, 0.240,true, true, 11,1698.000, 1698.000, 0.000, 1703.000, 1693.800, 0.134, 0.230, 0.017, 0.191, 6, 1, 0, 0, 5,74832,58621,37892,0.03200000000000002
L_00000273 , 60 , 1 , 3600, 1.157,true, true, 45,1833.000, 1833.000, -0.000, 1835.000, 1820.300, 0.517, 1.117, 0.052, 0.997, 23, 1, 0, 0, 22,240390,194971,146233,0.11700000000000009
L_00000274 , 60 , 1 , 3600, 0.783,true, true, 3,1566.000, 1566.000, 0.000, 1566.000, 1548.600, 0.114, 0.779, 0.073, 0.691, 3, 1, 0, 1, 0,170497,140281,59988,0.09700000000000007
L_00000275 , 60 , 1 , 3600, 0.594,true, true, 3,1721.000, 1721.000, 0.000, 1721.000, 1719.100, 0.369, 0.590, 0.020, 0.559, 3, 1, 0, 1, 0,137233,112964,69829,0.07500000000000005
L_00000276 , 60 , 1 , 3600, 0.777,true, true, 13,1794.000, 1794.000, -0.000, 1795.000, 1777.400, 0.118, 0.762, 0.047, 0.687, 7, 1, 0, 0, 6,151703,127000,76992,0.09400000000000007
L_00000277 , 60 , 1 , 3600, 0.407,true, true, 3,1847.000, 1847.000, 0.000, 1847.000, 1835.700, 0.137, 0.403, 0.028, 0.364, 3, 1, 0, 1, 0,87360,69946,23982,0.04200000000000003
L_00000278 , 60 , 1 , 3600, 0.084,true, true, 3,1462.000, 1462.000, 0.000, 1462.000, 1456.200, 0.065, 0.081, 0.008, 0.063, 3, 1, 0, 1, 0,29173,21170,14115,0.014000000000000005
L_00000279 , 60 , 1 , 3600, 0.242,true, true, 3,1647.000, 1647.000, 0.000, 1647.000, 1637.700, 0.123, 0.238, 0.015, 0.212, 3, 1, 0, 1, 0,63894,48227,26684,0.04400000000000003
L_00000280 , 60 , 1 , 3600, 0.484,true, true, 5,1647.000, 1647.000, -0.000, 1648.000, 1637.700, 0.336, 0.477, 0.032, 0.429, 3, 1, 0, 0, 2,91131,73579,49054,0.05500000000000004
L_00000281 , 60 , 1 , 3600, 0.527,true, true, 15,1657.000, 1657.000, 0.000, 1663.000, 1648.700, 0.119, 0.513, 0.025, 0.456, 8, 1, 0, 0, 7,115608,99065,59108,0.06800000000000005
L_00000282 , 60 , 1 , 3600, 0.681,true, true, 3,1614.000, 1614.000, 0.000, 1614.000, 1601.400, 0.265, 0.671, 0.031, 0.621, 3, 1, 0, 1, 0,85821,71309,42443,0.10600000000000008
L_00000283 , 60 , 1 , 3600, 1.020,true, true, 9,1884.000, 1884.000, 0.000, 1887.000, 1876.400, 0.229, 0.946, 0.039, 0.874, 5, 1, 0, 0, 4,98868,78348,37605,0.11600000000000008
L_00000284 , 60 , 1 , 3600, 2.374,true, true, 37,1774.000, 1774.000, 0.000, 1777.000, 1755.400, 0.550, 2.326, 0.131, 2.094, 19, 1, 0, 0, 18,237963,198894,82966,0.23600000000000015
L_00000285 , 60 , 1 , 3600, 1.561,true, true, 19,1585.000, 1585.000, 0.000, 1586.000, 1569.500, 0.120, 1.539, 0.053, 1.451, 10, 1, 0, 0, 9,248071,213432,161447,0.16600000000000012
L_00000286 , 60 , 1 , 3600, 0.654,true, true, 13,1782.000, 1782.000, 0.000, 1789.000, 1764.200, 0.215, 0.639, 0.053, 0.559, 7, 1, 0, 0, 6,163085,132560,90522,0.09900000000000007
L_00000287 , 60 , 1 , 3600, 0.344,true, true, 9,1618.000, 1618.000, 0.000, 1621.000, 1605.800, 0.171, 0.333, 0.032, 0.281, 5, 1, 0, 0, 4,96218,76172,54964,0.04200000000000003
L_00000288 , 60 , 1 , 3600, 0.284,true, true, 9,1629.000, 1629.000, 0.000, 1630.000, 1617.900, 0.115, 0.273, 0.024, 0.226, 5, 1, 0, 0, 4,64505,51843,29848,0.03200000000000002
L_00000289 , 60 , 1 , 3600, 0.427,true, true, 3,1578.000, 1578.000, 0.000, 1578.000, 1561.800, 0.296, 0.422, 0.030, 0.377, 3, 1, 0, 1, 0,103982,81959,56499,0.057000000000000044
L_00000290 , 60 , 1 , 3600, 10.460,true, true, 45,1625.000, 1625.000, 0.000, 1628.000, 1613.500, 0.076, 10.413, 0.063, 10.278, 23, 1, 0, 0, 22,567603,524967,433239,0.34500000000000025
L_00000291 , 60 , 1 , 3600, 1.444,true, true, 59,1832.000, 1832.000, 0.000, 1834.000, 1819.200, 0.160, 1.394, 0.078, 1.220, 30, 1, 0, 0, 29,240104,200277,115395,0.1550000000000001
L_00000292 , 60 , 1 , 3600, 0.304,true, true, 5,1773.000, 1773.000, 0.000, 1778.000, 1754.300, 0.133, 0.297, 0.032, 0.253, 3, 1, 0, 0, 2,105111,82416,70718,0.05000000000000004
L_00000293 , 60 , 1 , 3600, 0.089,true, true, 3,1674.000, 1674.000, 0.000, 1674.000, 1667.400, 0.068, 0.085, 0.013, 0.062, 3, 1, 0, 1, 0,34335,22709,17888,0.02000000000000001
L_00000294 , 60 , 1 , 3600, 0.374,true, true, 11,1668.000, 1668.000, 0.000, 1670.000, 1660.800, 0.154, 0.362, 0.020, 0.326, 6, 1, 0, 0, 5,91097,76317,56590,0.05500000000000004
L_00000295 , 60 , 1 , 3600, 0.654,true, true, 45,1706.000, 1706.000, 0.000, 1709.000, 1702.600, 0.187, 0.622, 0.053, 0.506, 23, 1, 0, 0, 22,129155,105079,57761,0.057000000000000044
L_00000296 , 60 , 1 , 3600, 0.210,true, true, 3,1443.000, 1443.000, 0.000, 1443.000, 1435.300, 0.144, 0.205, 0.019, 0.175, 3, 1, 0, 1, 0,57138,45940,24570,0.047000000000000035
L_00000297 , 60 , 1 , 3600, 0.170,true, true, 5,1721.000, 1721.000, -0.000, 1727.000, 1719.100, 0.121, 0.164, 0.013, 0.140, 3, 1, 0, 0, 2,47449,35000,23533,0.028000000000000018
L_00000298 , 60 , 1 , 3600, 0.380,true, true, 3,1831.000, 1831.000, 0.000, 1831.000, 1818.100, 0.168, 0.376, 0.015, 0.347, 3, 1, 0, 1, 0,93320,75941,51073,0.059000000000000045
L_00000299 , 60 , 1 , 3600, 0.207,true, true, 3,1726.000, 1726.000, 0.000, 1726.000, 1724.600, 0.118, 0.202, 0.011, 0.182, 3, 1, 0, 1, 0,58971,46587,25683,0.03300000000000002
L_00000300 , 70 , 1 , 3600, 0.669,true, true, 3,1814.000, 1814.000, 0.000, 1814.000, 1799.400, 0.484, 0.663, 0.030, 0.614, 3, 1, 0, 1, 0,140224,113913,94697,0.09900000000000007
L_00000301 , 70 , 1 , 3600, 1.086,true, true, 3,2075.000, 2075.000, 0.000, 2075.000, 2064.500, 0.305, 1.074, 0.051, 1.002, 3, 1, 0, 1, 0,126949,103041,41362,0.11700000000000009
L_00000302 , 70 , 1 , 3600, 0.608,true, true, 13,1940.000, 1940.000, 0.000, 1942.000, 1938.000, 0.428, 0.583, 0.030, 0.523, 7, 1, 0, 0, 6,111083,87282,45259,0.07500000000000005
L_00000303 , 70 , 1 , 3600, 0.823,true, true, 3,1993.000, 1993.000, 0.000, 1993.000, 1974.300, 0.244, 0.819, 0.076, 0.729, 3, 1, 0, 1, 0,140716,111553,53478,0.08000000000000006
L_00000304 , 70 , 1 , 3600, 0.546,true, true, 7,2048.000, 2048.000, 0.000, 2049.000, 2034.800, 0.251, 0.537, 0.035, 0.482, 4, 1, 0, 0, 3,127633,93349,66672,0.06600000000000004
L_00000305 , 70 , 1 , 3600, 0.318,true, true, 3,1879.000, 1879.000, 0.000, 1879.000, 1870.900, 0.143, 0.315, 0.022, 0.277, 3, 1, 0, 1, 0,84113,64336,41183,0.04000000000000003
L_00000306 , 70 , 1 , 3600, 0.888,true, true, 25,1918.000, 1918.000, 0.000, 1919.000, 1913.800, 0.204, 0.857, 0.048, 0.757, 13, 1, 0, 0, 12,140801,115787,51913,0.10600000000000008
L_00000307 , 70 , 1 , 3600, 0.635,true, true, 5,2159.000, 2159.000, 0.000, 2161.000, 2156.900, 0.219, 0.627, 0.030, 0.578, 3, 1, 0, 0, 2,130364,99736,51507,0.08700000000000006
L_00000308 , 70 , 1 , 3600, 0.519,true, true, 11,1880.000, 1880.000, 0.000, 1883.000, 1872.000, 0.149, 0.503, 0.030, 0.447, 6, 1, 0, 0, 5,103919,82342,42205,0.07100000000000005
L_00000309 , 70 , 1 , 3600, 0.338,true, true, 3,1945.000, 1945.000, 0.000, 1945.000, 1943.500, 0.185, 0.335, 0.019, 0.301, 3, 1, 0, 1, 0,84158,67805,31825,0.06100000000000005
L_00000310 , 70 , 1 , 3600, 13.504,true, true, 31,1999.000, 1999.000, 0.000, 2001.000, 1980.900, 0.281, 13.449, 0.112, 13.254, 16, 1, 0, 0, 15,749082,651617,528907,0.4220000000000003
L_00000311 , 70 , 1 , 3600, 0.460,true, true, 3,2095.000, 2095.000, 0.000, 2095.000, 2086.500, 0.228, 0.456, 0.035, 0.405, 3, 1, 0, 1, 0,105439,79554,52587,0.058000000000000045
L_00000312 , 70 , 1 , 3600, 0.559,true, true, 19,1855.000, 1855.000, 0.000, 1856.000, 1844.500, 0.173, 0.534, 0.037, 0.449, 10, 1, 0, 0, 9,110048,86656,54840,0.06700000000000005
L_00000313 , 70 , 1 , 3600, 0.986,true, true, 19,1865.000, 1865.000, 0.000, 1866.000, 1855.500, 0.239, 0.957, 0.046, 0.867, 10, 1, 0, 0, 9,140528,113067,50224,0.08600000000000006
L_00000314 , 70 , 1 , 3600, 0.221,true, true, 3,1656.000, 1656.000, 0.000, 1656.000, 1647.600, 0.170, 0.218, 0.012, 0.191, 3, 1, 0, 1, 0,69838,57096,44541,0.04300000000000003
L_00000315 , 70 , 1 , 3600, 2.615,true, true, 67,1792.000, 1792.000, 0.000, 1794.000, 1775.200, 0.261, 2.504, 0.157, 2.161, 34, 1, 0, 0, 33,353038,303267,201376,0.23300000000000018
L_00000316 , 70 , 1 , 3600, 0.615,true, true, 3,1939.000, 1939.000, 0.000, 1939.000, 1936.900, 0.424, 0.611, 0.018, 0.578, 3, 1, 0, 1, 0,105973,84199,60861,0.07600000000000005
L_00000317 , 70 , 1 , 3600, 0.665,true, true, 19,1995.000, 1995.000, 0.000, 1999.000, 1976.500, 0.181, 0.625, 0.097, 0.470, 10, 1, 0, 0, 9,158443,121640,90435,0.10400000000000008
L_00000318 , 70 , 1 , 3600, 1.920,true, true, 83,2308.000, 2308.000, 0.000, 2317.000, 2298.800, 0.356, 1.803, 0.130, 1.513, 42, 1, 0, 0, 41,261875,212757,111546,0.23100000000000018
L_00000319 , 70 , 1 , 3600, 0.199,true, false, 3,1734.000, 1733.400, 0.035, 1734.000, 1733.400, 0.195, 0.195, 0.013, 0.175, 1, 0, 0, 0, 2,55458,42244,19228,0.04200000000000003
L_00000320 , 70 , 1 , 3600, 0.728,true, true, 3,1861.000, 1861.000, 0.000, 1861.000, 1851.100, 0.416, 0.724, 0.032, 0.678, 3, 1, 0, 1, 0,130020,107291,57347,0.06400000000000004
L_00000321 , 70 , 1 , 3600, 0.513,true, true, 3,1923.000, 1923.000, 0.000, 1923.000, 1919.300, 0.279, 0.508, 0.024, 0.469, 3, 1, 0, 1, 0,104692,84174,51277,0.05400000000000004
L_00000322 , 70 , 1 , 3600, 0.537,true, true, 3,2074.000, 2074.000, 0.000, 2074.000, 2063.400, 0.224, 0.533, 0.018, 0.500, 3, 1, 0, 1, 0,113005,89011,56932,0.08700000000000006
L_00000323 , 70 , 1 , 3600, 0.407,true, true, 7,2013.000, 2013.000, 0.000, 2017.000, 1996.300, 0.222, 0.395, 0.038, 0.331, 4, 1, 0, 0, 3,114033,85762,62784,0.05600000000000004
L_00000324 , 70 , 1 , 3600, 0.489,true, true, 5,2047.000, 2047.000, 0.000, 2049.000, 2033.700, 0.333, 0.481, 0.030, 0.437, 3, 1, 0, 0, 2,127464,99078,79367,0.09800000000000007
L_00000325 , 70 , 1 , 3600, 1.032,true, true, 5,1840.000, 1840.000, -0.000, 1841.000, 1828.000, 0.206, 1.024, 0.057, 0.950, 3, 1, 0, 0, 2,155997,128573,57809,0.10700000000000008
L_00000326 , 70 , 1 , 3600, 0.405,true, true, 7,1942.000, 1942.000, 0.000, 1943.000, 1940.200, 0.210, 0.396, 0.020, 0.350, 4, 1, 0, 0, 3,98708,79852,50727,0.07600000000000005
L_00000327 , 70 , 1 , 3600, 1.319,true, true, 3,1554.000, 1554.000, 0.000, 1554.000, 1535.400, 0.381, 1.315, 0.147, 1.148, 3, 1, 0, 1, 0,276259,213550,159104,0.1330000000000001
L_00000328 , 70 , 1 , 3600, 0.346,true, true, 3,1824.000, 1824.000, 0.000, 1824.000, 1810.400, 0.164, 0.342, 0.032, 0.294, 3, 1, 0, 1, 0,103531,81085,57933,0.05300000000000004
L_00000329 , 70 , 1 , 3600, 0.275,true, true, 3,1805.000, 1805.000, 0.000, 1805.000, 1789.500, 0.136, 0.271, 0.058, 0.200, 3, 1, 0, 1, 0,88858,67499,45869,0.05300000000000004
L_00000330 , 70 , 1 , 3600, 0.362,true, true, 3,1988.000, 1988.000, 0.000, 1988.000, 1968.800, 0.235, 0.359, 0.044, 0.300, 3, 1, 0, 1, 0,125092,91563,79770,0.07400000000000005
L_00000331 , 70 , 1 , 3600, 4.262,true, true, 5,1795.000, 1795.000, 0.000, 1796.000, 1778.500, 0.600, 4.253, 0.099, 4.136, 3, 1, 0, 0, 2,430764,372220,165348,0.2880000000000002
L_00000332 , 70 , 1 , 3600, 0.430,true, true, 5,1771.000, 1771.000, 0.000, 1774.000, 1752.100, 0.240, 0.421, 0.091, 0.308, 3, 1, 0, 0, 2,106619,79776,54006,0.07100000000000005
L_00000333 , 70 , 1 , 3600, 0.339,true, true, 5,2000.000, 2000.000, 0.000, 2005.000, 1982.000, 0.146, 0.329, 0.054, 0.259, 3, 1, 0, 0, 2,93354,71021,55966,0.05600000000000004
L_00000334 , 70 , 1 , 3600, 0.535,true, true, 11,2350.000, 2350.000, 0.000, 2358.000, 2345.000, 0.369, 0.521, 0.025, 0.468, 6, 1, 0, 0, 5,119456,93717,59377,0.07800000000000006
L_00000335 , 70 , 1 , 3600, 0.955,true, true, 7,1796.000, 1796.000, -0.000, 1798.000, 1779.600, 0.275, 0.942, 0.105, 0.809, 4, 1, 0, 0, 3,160507,129163,63387,0.1460000000000001
L_00000336 , 70 , 1 , 3600, 0.799,true, true, 3,1988.000, 1988.000, 0.000, 1988.000, 1968.800, 0.171, 0.793, 0.140, 0.638, 3, 1, 0, 1, 0,180189,140546,95626,0.10000000000000007
L_00000337 , 70 , 1 , 3600, 0.376,true, true, 9,1960.000, 1960.000, 0.000, 1983.000, 1960.000, 0.289, 0.361, 0.025, 0.317, 4, 0, 0, 0, 5,90518,65761,54179,0.04900000000000004
L_00000338 , 70 , 1 , 3600, 0.697,true, true, 13,1834.000, 1834.000, 0.000, 1835.000, 1821.400, 0.437, 0.678, 0.046, 0.597, 7, 1, 0, 0, 6,120425,100602,51795,0.07700000000000005
L_00000339 , 70 , 1 , 3600, 0.679,true, true, 5,2083.000, 2083.000, 0.000, 2088.000, 2073.300, 0.331, 0.671, 0.041, 0.611, 3, 1, 0, 0, 2,142220,110192,79687,0.08500000000000006
L_00000340 , 70 , 1 , 3600, 0.845,true, true, 7,1921.000, 1921.000, 0.000, 1925.000, 1917.100, 0.273, 0.835, 0.032, 0.781, 4, 1, 0, 0, 3,133377,109275,55395,0.08100000000000006
L_00000341 , 70 , 1 , 3600, 2.031,true, true, 33,1854.000, 1854.000, 0.000, 1856.000, 1843.400, 0.203, 1.985, 0.074, 1.844, 17, 1, 0, 0, 16,278521,242144,133122,0.16900000000000012
L_00000342 , 70 , 1 , 3600, 0.382,true, true, 9,2159.000, 2159.000, 0.000, 2160.000, 2156.900, 0.236, 0.371, 0.021, 0.329, 5, 1, 0, 0, 4,85409,62459,33365,0.05400000000000004
L_00000343 , 70 , 1 , 3600, 0.271,true, true, 3,1935.000, 1935.000, 0.000, 1935.000, 1932.500, 0.172, 0.267, 0.021, 0.230, 3, 1, 0, 1, 0,79259,57407,38961,0.05000000000000004
L_00000344 , 70 , 1 , 3600, 1.103,true, true, 41,2263.000, 2263.000, 0.000, 2265.000, 2249.300, 0.189, 1.039, 0.072, 0.863, 21, 1, 0, 0, 20,165594,126330,69024,0.1220000000000001
L_00000345 , 70 , 1 , 3600, 0.561,true, true, 5,1719.000, 1719.000, 0.000, 1720.000, 1716.900, 0.354, 0.554, 0.017, 0.521, 3, 1, 0, 0, 2,105057,87876,45985,0.08700000000000006
L_00000346 , 70 , 1 , 3600, 0.416,true, true, 3,1946.000, 1946.000, 0.000, 1946.000, 1944.600, 0.243, 0.411, 0.025, 0.369, 3, 1, 0, 1, 0,90823,70607,47835,0.06700000000000005
L_00000347 , 70 , 1 , 3600, 0.650,true, true, 3,1819.000, 1819.000, 0.000, 1819.000, 1804.900, 0.298, 0.646, 0.044, 0.586, 3, 1, 0, 1, 0,120162,88781,55536,0.060000000000000046
L_00000348 , 70 , 1 , 3600, 0.946,true, true, 35,1676.000, 1676.000, 0.000, 1677.000, 1669.600, 0.210, 0.901, 0.066, 0.754, 18, 1, 0, 0, 17,203752,166052,112204,0.1210000000000001
L_00000349 , 70 , 1 , 3600, 0.284,true, true, 3,1710.000, 1710.000, 0.000, 1710.000, 1707.000, 0.138, 0.280, 0.017, 0.248, 3, 1, 0, 1, 0,70620,55521,29996,0.05100000000000004
L_00000350 , 80 , 1 , 3600, 0.865,true, true, 3,2063.000, 2063.000, 0.000, 2063.000, 2051.300, 0.343, 0.861, 0.050, 0.788, 3, 1, 0, 1, 0,135938,109917,54965,0.08700000000000006
L_00000351 , 80 , 1 , 3600, 0.790,true, true, 3,2123.000, 2123.000, 0.000, 2123.000, 2117.300, 0.293, 0.784, 0.029, 0.734, 3, 1, 0, 1, 0,137483,107507,77208,0.10100000000000008
L_00000352 , 80 , 1 , 3600, 0.621,true, true, 3,2224.000, 2224.000, 0.000, 2224.000, 2206.400, 0.311, 0.617, 0.089, 0.509, 3, 1, 0, 1, 0,143169,109671,88592,0.10100000000000008
L_00000353 , 80 , 1 , 3600, 1.413,true, true, 5,2076.000, 2076.000, 0.000, 2077.000, 2065.600, 0.880, 1.403, 0.038, 1.339, 3, 1, 0, 0, 2,207108,172468,119414,0.17700000000000013
L_00000354 , 80 , 1 , 3600, 1.041,true, true, 9,2399.000, 2399.000, 0.000, 2425.000, 2398.900, 0.392, 1.024, 0.047, 0.939, 5, 1, 0, 0, 4,185519,145924,88840,0.1430000000000001
L_00000355 , 80 , 1 , 3600, 1.089,true, true, 3,2036.000, 2036.000, 0.000, 2036.000, 2021.600, 0.371, 1.087, 0.048, 1.017, 3, 1, 0, 1, 0,163396,134725,65403,0.10000000000000007
L_00000356 , 80 , 1 , 3600, 4.032,true, true, 25,2236.000, 2236.000, 0.000, 2237.000, 2219.600, 0.599, 3.970, 0.235, 3.587, 13, 1, 0, 0, 12,462887,397565,138056,0.35100000000000026
L_00000357 , 80 , 1 , 3600, 0.370,true, true, 3,2180.000, 2180.000, 0.000, 2180.000, 2180.000, 0.363, 0.364, 0.021, 0.336, 1, 0, 0, 0, 2,90212,66670,45117,0.06000000000000004
L_00000358 , 80 , 1 , 3600, 0.817,true, true, 5,2054.000, 2054.000, 0.000, 2058.000, 2041.400, 0.483, 0.808, 0.032, 0.758, 3, 1, 0, 0, 2,182373,151719,112587,0.11900000000000009
L_00000359 , 80 , 1 , 3600, 1.494,true, true, 9,2233.000, 2233.000, 0.000, 2238.000, 2216.300, 0.384, 1.472, 0.126, 1.302, 5, 1, 0, 0, 4,244881,192209,100366,0.18400000000000014
L_00000360 , 80 , 1 , 3600, 5.278,true, true, 393,2505.000, 2505.000, 0.000, 2514.000, 2493.500, 0.293, 4.644, 0.523, 2.778, 197, 1, 0, 0, 196,550195,452620,272154,0.46600000000000036
L_00000361 , 80 , 1 , 3600, 0.946,true, true, 7,2279.000, 2279.000, 0.000, 2282.000, 2266.900, 0.492, 0.920, 0.079, 0.785, 4, 1, 0, 0, 3,119373,86754,56975,0.1470000000000001
L_00000362 , 80 , 1 , 3600, 6.470,true, true, 187,2448.000, 2448.000, 0.000, 2449.000, 2430.800, 0.477, 6.045, 0.517, 4.645, 94, 1, 0, 0, 93,689686,592177,337592,0.7590000000000006
L_00000363 , 80 , 1 , 3600, 0.344,true, false, 3,2171.000, 2170.100, 0.041, 2171.000, 2170.100, 0.339, 0.339, 0.017, 0.314, 1, 0, 0, 0, 2,74235,51383,46453,0.06200000000000005
L_00000364 , 80 , 1 , 3600, 0.355,true, false, 3,2395.000, 2394.500, 0.021, 2395.000, 2394.500, 0.351, 0.351, 0.026, 0.316, 1, 0, 0, 0, 2,86861,61457,50362,0.07600000000000005
L_00000365 , 80 , 1 , 3600, 2.061,true, true, 73,2300.000, 2300.000, 0.000, 2306.000, 2290.000, 0.427, 1.914, 0.157, 1.495, 37, 1, 0, 0, 36,345787,281552,201887,0.3130000000000002
L_00000366 , 80 , 1 , 3600, 2.589,true, true, 61,2294.000, 2294.000, 0.000, 2298.000, 2283.400, 0.558, 2.438, 0.212, 1.920, 31, 1, 0, 0, 30,320689,258167,159275,0.2880000000000002
L_00000367 , 80 , 1 , 3600, 1.655,true, true, 13,2423.000, 2423.000, 0.000, 2424.000, 2403.300, 0.370, 1.617, 0.164, 1.382, 7, 1, 0, 0, 6,287116,229972,157741,0.2430000000000002
L_00000368 , 80 , 1 , 3600, 0.382,true, false, 3,2175.000, 2174.500, 0.023, 2175.000, 2174.500, 0.377, 0.378, 0.024, 0.343, 1, 0, 0, 0, 2,87489,65090,49459,0.06600000000000004
L_00000369 , 80 , 1 , 3600, 0.628,true, true, 5,2357.000, 2357.000, 0.000, 2358.000, 2352.700, 0.302, 0.620, 0.033, 0.566, 3, 1, 0, 0, 2,119793,88162,55408,0.09400000000000007
L_00000370 , 80 , 1 , 3600, 0.844,true, true, 3,2268.000, 2268.000, 0.000, 2268.000, 2254.800, 0.367, 0.839, 0.036, 0.777, 3, 1, 0, 1, 0,163537,133848,85543,0.12800000000000009
L_00000371 , 80 , 1 , 3600, 0.997,true, true, 23,2390.000, 2390.000, 0.000, 2392.000, 2389.000, 0.503, 0.954, 0.050, 0.835, 12, 1, 0, 0, 11,180765,143356,94093,0.16000000000000011
L_00000372 , 80 , 1 , 3600, 0.810,true, true, 7,2353.000, 2353.000, 0.000, 2354.000, 2348.300, 0.537, 0.797, 0.037, 0.735, 4, 1, 0, 0, 3,151638,116127,60381,0.1300000000000001
L_00000373 , 80 , 1 , 3600, 0.953,true, true, 3,2458.000, 2458.000, 0.000, 2458.000, 2441.800, 0.427, 0.949, 0.057, 0.866, 3, 1, 0, 1, 0,167455,126078,73975,0.1210000000000001
